itemID,FF
1,-0.03439240091713077
2,0.07747359644246801
3,0.14055622248899563
4,-0.10509209100758399
5,0.24373433583959894
6,0.0712209302325582
7,0.005753365175857611
8,-0.2769953051643193
9,-0.0072850898494416505
10,0.1084474885844748
11,-0.04542486708329455
12,-0.02265768524188607
13,0.2755102040816327
14,-0.1629778672032193
15,0.04312668463611847
16,-0.10130010834236185
17,0.022781205505457827
18,0.2181547619047619
19,0.06250000000000007
20,-0.07981220657277001
21,-0.037105884035175604
22,0.011817226890756365
23,0.024725274725274728
24,-0.019592414824140484
25,0.03435422123715493
26,-0.07981220657276997
27,-0.24882629107981216
28,-0.03683640303358616
29,-0.1748645720476706
30,-0.43474178403755864
31,-0.004225352112676098
32,-0.0651408450704226
34,-0.05947094559620784
35,-0.01408450704225366
36,-0.09799220857057232
37,-0.6056338028169014
38,0.44875776397515527
39,0.039151830945144024
40,0.22826086956521738
41,-0.12187793427230054
42,-0.032570422535211224
43,-0.13542795232936078
44,0.09201497192763575
45,0.014249177932042296
46,0.11353077816492449
47,-0.06775564630385861
48,-0.0956775133559982
49,0.11249999999999999
50,0.011031869846222368
52,-0.056005323278252264
53,0.15476190476190474
54,0.6478174603174603
55,0.17962184873949583
56,-0.21126760563380284
57,0.04910714285714283
58,0.052590266875981034
59,0.15476190476190474
60,-0.1593773165307636
61,0.20448179271708683
62,-0.10911250636348209
63,0.1849489795918367
64,-0.03980404164115127
65,0.17824074074074078
66,0.11954365079365074
67,-0.6056338028169014
68,0.43075801749271136
69,-0.16100524716929018
70,-0.013329016243052282
71,-0.17310313493866425
72,-0.2829705505761844
73,-0.05591122492530954
74,-0.21126760563380284
75,0.15476190476190474
76,-0.2801251956181534
77,0.2197802197802198
78,0.1992481203007518
79,-0.14553990610328638
80,0.040540540540540536
81,0.05696576151121595
82,-0.04442036836403033
83,-0.09295774647887327
84,-0.014084507042253539
85,0.23418024928092032
86,0.15476190476190482
87,0.15476190476190474
88,0.007763975155279472
89,-0.046457851587134814
90,-0.2112676056338028
92,-0.05958829902491877
93,-0.3307725138711055
94,0.1171957671957672
95,0.05660522273425496
96,0.23928571428571432
97,0.04910714285714288
98,-0.2112676056338028
99,0.1992481203007518
100,-0.06597479614529285
101,-0.09859154929577474
102,0.29863221884498475
103,0.3173076923076923
104,0.06310958118187036
105,-0.06723821187997553
106,-0.6056338028169014
107,-0.10003611412062118
108,-0.014084507042253476
110,-0.019991561350987525
111,0.06799905392620625
112,0.0943877551020408
113,0.4102990033222591
114,0.4365079365079365
116,-0.046948356807511714
117,0.1970238095238095
118,0.15476190476190468
119,0.23928571428571432
121,-0.0678617157490397
122,0.09565434565434562
123,0.06420068027210886
124,-0.47417840375586856
125,-0.1648715824357912
126,0.2755102040816327
128,0.7694805194805194
129,0.538961038961039
131,0.830952380952381
132,0.41747104247104244
134,-0.6056338028169014
135,0.29292582417582413
136,0.15476190476190474
137,-0.36901408450704226
140,0.08018207282913165
141,0.03499132446500872
144,0.08299640610961356
145,0.14852398523985239
146,0.6830357142857143
147,-0.09654289372599237
148,0.10504201680672275
149,0.030462184873949662
150,-0.005752826820075397
151,-0.062177945723119174
152,0.036428571428571345
153,0.03615833544785579
154,0.3276515151515152
155,0.14175824175824167
156,-0.15492957746478872
157,0.04910714285714296
158,-0.032488262910798094
159,-0.1236306729264475
160,-0.06013325461752546
161,0.004325032765399643
162,0.02582728006456812
163,0.060369833212472766
164,0.1034438775510203
165,0.11747198879551819
166,-0.19154929577464802
167,0.3660714285714286
168,-0.11971830985915495
169,0.5195488721804512
170,0.10126582278481013
171,0.11801242236024843
172,0.027082434182132
173,0.10611510791366907
174,-0.00551132884262087
175,0.09215167548500872
176,-0.1694408877507469
177,-0.08920187793427235
178,-0.4577464788732395
179,-0.39807264640474427
180,0.07023809523809528
181,0.06775210084033614
182,-0.3208137715179969
183,-0.4413145539906103
184,-0.36901408450704226
185,0.050638371290545145
186,0.01574248120300753
187,-0.1395646606914213
188,-0.07981220657277006
189,0.07792207792207785
190,-0.07981220657276997
191,0.31234866828087166
192,-0.6056338028169014
193,0.09665178571428569
194,-0.14063485389951663
195,0.09887839433293973
196,0.013888888888888838
197,-0.05352112676056347
198,0.04116498535632929
199,-0.07605633802816902
200,0.15476190476190474
201,0.3173076923076923
202,-0.3188220230473752
203,-0.060093896713615036
204,0.21474654377880179
205,0.31876332622601283
206,-0.046948356807511714
207,0.04312668463611865
208,0.06775210084033613
209,-0.25508607198748035
210,-0.2394366197183099
211,0.2197802197802198
212,0.8049450549450549
213,-0.27546675401244686
214,-0.014084507042253476
215,-0.07981220657277001
216,0.20171957671957672
217,-0.24711907810499364
218,-0.09095249462878956
219,-0.1549295774647888
220,0.1547619047619047
222,-0.08379570351401346
223,-0.062200956937799
224,-0.13630543592131292
225,-0.07635285396590065
227,-0.21126760563380279
228,0.23928571428571432
229,-0.17746478873239438
230,0.06526610644257703
231,0.14791787160208217
232,-0.0200597524541187
233,-0.011141475719991658
234,0.11598951507208381
235,-0.0317426949758251
236,-0.12146144191883984
237,0.03206605222734259
238,-0.24711907810499364
239,0.10023041474654369
240,0.0779220779220779
241,0.19318181818181807
242,0.31575963718820854
243,0.7182539682539683
244,0.7182539682539683
245,0.4365079365079365
246,0.05579928708527558
247,0.05732811856731168
248,-0.0669872895912058
249,0.07068062827225131
250,0.36607142857142855
251,0.2755102040816326
252,0.18820657759506682
253,0.004851752021563391
254,0.3238095238095238
255,0.18857142857142853
256,0.10226264418810989
257,0.09438775510204087
258,-0.04225352112676056
259,0.3815331010452961
260,0.01748425588332778
261,-0.14553990610328646
262,0.1015185601799774
263,-0.06338028169014093
264,-0.7370892018779343
265,-0.03697183098591549
266,0.01666197975253085
267,0.05532212885154058
268,0.2755102040816326
269,-0.30985915492957755
270,0.40569196428571436
271,0.3407142857142857
272,0.01695134575569356
273,-0.05790297339593106
274,-0.2112676056338028
275,-0.180931744312026
276,0.30586592178770944
277,-0.026156941649899478
278,0.03817733990147783
279,0.10504201680672275
280,0.11169244767970883
281,-0.10017853600476093
282,-0.14747307373653695
283,-0.3802816901408452
287,0.40336134453781514
288,0.006887247940925868
289,-0.1726042529687931
290,0.06469555035128803
291,0.41483516483516486
292,0.008809975603144542
293,0.06321534548537512
294,0.30844155844155846
295,0.4717261904761904
296,-0.018522711833703243
297,-0.2901408450704226
298,0.2956349206349206
299,-0.08286930887651497
300,-0.07230046948356804
301,0.01843317972350225
302,0.01843317972350225
303,0.1493610223642172
304,0.5773809523809524
305,0.03532608695652185
306,0.04648760330578513
307,0.13141278610891877
308,0.12095238095238096
309,0.05816326530612239
312,0.029541446208112894
313,-0.14167357083678545
314,0.013888888888888888
315,-0.053521126760563455
316,0.011608254758939573
317,0.07743161094224926
318,-0.07029507360907525
319,-0.014084507042253586
320,0.15476190476190474
321,-0.392018779342723
322,0.0026190476190476953
324,-0.2112676056338029
325,0.08432539682539683
326,-0.21126760563380284
327,-0.03683640303358616
328,0.024725274725274683
329,0.04910714285714279
330,0.0694626474442987
331,0.20758928571428567
332,0.1336309523809524
333,0.0702380952380952
334,0.08347676419965587
335,0.47794117647058826
336,0.3238095238095238
337,-0.13493866424352566
338,0.0764991181657849
339,-0.026281399738638002
340,0.10023041474654369
341,-0.28297055057618437
342,-0.032488262910798094
343,0.30844155844155846
344,0.09791403286978509
345,-0.17753891771682725
346,-0.1153406928054815
347,0.2956349206349206
348,-0.05822997687618247
349,0.025490196078431372
350,-0.10893207345337858
351,0.05080213903743326
352,0.1452648475120386
353,0.10173958882445959
354,0.26854395604395614
355,0.13352476669059582
356,-0.03606252902027558
357,-0.03341618337475846
358,-0.28225352112676066
359,0.0943877551020407
360,0.10980243161094215
361,0.01461880088823097
362,-0.13765258215962448
363,0.19072948328267478
364,-0.008521347520861887
365,-0.227699530516432
366,-0.0383947520740883
367,0.014386673397274124
368,0.0173010380622836
369,0.19318181818181807
370,0.12161531279178336
371,-0.10812567713976168
372,0.07939035486806185
373,-0.043004694835680826
374,0.19732785200411102
375,-0.05352112676056347
376,-0.014084507042253542
377,0.04036877909058352
378,0.21795727636849133
379,0.1128925254312251
380,0.09912183653713186
381,0.35097789115646255
382,0.08714285714285712
383,0.09529791816223986
384,-0.07981220657277001
385,-0.4084507042253521
386,-0.5492957746478873
387,0.21978021978021978
388,0.11954365079365074
389,-0.4084507042253521
390,-0.1017214397496088
391,0.15476190476190468
392,-0.49807938540332913
393,-0.10035211267605641
394,0.024725274725274683
397,0.7694805194805194
404,-0.6056338028169014
405,0.1267738883632924
406,-0.6056338028169014
407,-0.05905609093155425
408,-0.47841890049977287
409,-0.014084507042253662
410,0.0927943024717219
411,-0.539906103286385
412,-0.32704483783434557
413,0.0650438946528331
414,0.0779220779220779
415,0.24663561076604557
416,0.1673773987206823
417,0.01952380952380942
418,0.19318181818181807
419,0.1547619047619047
420,0.08949255377826812
421,0.2705479452054794
422,-0.14553990610328638
423,-0.010954616588419468
424,0.1992481203007519
425,-0.014084507042253466
426,-0.08468092505651192
427,0.14112903225806447
428,0.007180650037792887
429,0.19642857142857142
430,0.15476190476190474
431,-0.08336505519604116
432,0.10812807881773408
433,-0.04225352112676056
434,0.2097104616225075
435,0.1398959081119885
436,0.19425901201602133
437,-0.2969993876301286
438,-0.21900027616680467
440,-0.049549093119870186
441,-0.0597479614529281
442,0.23722415795586527
443,-0.17183098591549303
444,-0.11661971830985925
445,-0.07981220657276997
446,-0.00860719874804374
447,0.26041666666666663
448,0.047186147186147206
449,-0.31744312026002164
450,-0.05234391423165873
451,-0.08802816901408446
452,0.0943877551020407
453,0.13785714285714273
454,-0.02323646520473049
455,0.06129807692307692
456,-0.03599374021909236
457,0.034180846853976904
458,0.03401360544217685
459,-0.051643192488262865
460,0.42741935483870963
461,-0.3345070422535211
462,-0.16744913928012523
463,-0.07042253521126766
464,0.02472527472527478
465,-0.21126760563380284
466,0.14885114885114886
467,0.2755102040816326
468,0.055322128851540614
469,0.35454545454545455
470,-0.03201024327784896
471,-0.0048053024026512145
472,0.1547619047619047
473,0.1170280612244897
474,-0.0540726878755048
475,-0.16394366197183108
476,0.24867724867724866
477,-0.19278169014084506
478,-0.44788732394366204
479,0.022693452380952373
480,-0.011496802336327645
481,-0.07682458386683748
482,-0.006197183098591611
483,-0.004694835680751221
484,-0.1236306729264475
485,0.12749615975422426
486,0.5304232804232804
487,0.19072948328267478
488,0.125615763546798
489,0.29934210526315785
490,0.20871327254305974
491,-0.10812567713976168
492,0.039976484420928896
493,0.10097402597402595
494,0.07716627634660422
495,-0.1505958829902492
496,0.1849489795918367
497,-0.01718162377405793
498,0.31467181467181465
499,0.42946428571428574
500,0.09731853906611183
501,0.1306122448979591
502,0.08803258145363412
503,-0.36901408450704226
504,-0.2975352112676056
505,0.23450134770889483
506,-0.2112676056338029
507,0.01769626769626767
508,-0.039488464529508355
509,-0.01635097943985753
510,-0.2901408450704225
511,-0.09124311083894673
512,-0.08711528429838288
513,-0.0037064492216457006
514,-0.04336912564495897
515,-0.1533536885649562
516,0.17284186401833468
517,0.0762755102040816
518,0.19216182048040462
519,0.05126336248785224
520,0.14872448979591832
521,0.12561576354679807
522,-0.22535211267605637
523,-0.11267605633802814
524,-0.024159555875398465
525,-0.2112676056338029
526,-0.6056338028169014
527,-0.014084507042253546
528,0.15476190476190468
529,0.03146421716479296
531,-0.06140845070422537
532,0.09880537580886022
533,0.05767374517374519
534,-0.03546580688952999
535,-0.07981220657277002
536,-0.11847555923777975
537,0.036428571428571345
538,-0.07281989811207676
539,0.07281361297981787
540,0.02312646370023424
541,-0.019434436073807147
542,0.09915413533834577
543,0.07006870884626396
544,-0.238156209987196
546,0.0957918050941307
547,-0.1404839292163237
548,-0.009028530155290733
549,-0.08540605334132458
550,0.1673773987206823
551,0.0034465534465535543
552,0.11379373177842562
553,-0.005292903920337382
554,0.0657894736842104
555,0.0668993168993168
556,0.22171145685997176
558,0.24416208791208796
559,0.3660714285714286
560,-0.34272300469483563
561,0.23928571428571432
562,-0.16487158243579125
563,0.45663265306122447
564,0.4517374517374518
565,-0.05790297339593106
566,0.23928571428571432
567,0.5773809523809523
568,-0.01408450704225366
569,-0.1222171740118128
570,-0.5697823303457107
571,0.08714285714285712
573,0.3660714285714286
574,0.06891741071428575
575,0.22691637630662012
577,0.13414634146341453
578,-0.6056338028169014
580,-0.10748702742772422
581,0.030462184873949517
582,-0.6056338028169014
583,-0.16744913928012523
585,0.04910714285714271
586,0.11933276304533787
587,-0.034649615484316915
588,-0.05232908787739034
589,0.04762523191094616
590,-0.02867323271370466
591,-0.6056338028169014
592,0.001531606794764617
593,-0.04829773342038993
594,-0.0013041210224308398
595,0.012965736753417004
596,-0.08507042253521128
597,-0.02844883872773065
598,0.15476190476190474
599,-0.1399966061428813
600,-0.4842903575297941
602,0.2868303571428572
603,-0.1236306729264475
605,-0.04396073410157916
606,-0.03599374021909236
608,-0.0049582205716769264
609,0.26854395604395614
610,-0.00960307298335477
611,-0.19460424518944644
612,0.08189655172413797
613,-0.046948356807511714
614,0.6830357142857143
615,0.13785714285714273
616,-0.07347700661802137
617,0.2197802197802198
618,-0.21126760563380284
619,0.5304232804232804
621,0.10023041474654369
623,-0.2112676056338028
626,0.3238095238095238
627,-0.30985915492957744
628,-0.028169014084506987
631,0.5170068027210885
632,-0.539906103286385
633,0.3660714285714286
635,-0.26969222743870636
637,-0.16744913928012523
638,0.3238095238095238
639,-0.056950398040416336
640,0.073489010989011
645,-0.07981220657277001
647,-0.056554712892741034
648,-0.0003912363067292958
649,0.07792207792207785
650,-0.14084507042253525
652,0.2755102040816326
653,0.032650757820058086
656,0.0038265306122448025
659,0.5170068027210885
661,-0.0499359795134443
662,0.11917293233082707
663,0.0671724648408587
665,-0.244131455399061
667,0.31467181467181465
668,0.31467181467181465
669,0.10504201680672275
670,-0.0952775476387739
671,0.04240397065170474
672,-0.6056338028169014
673,0.1039663461538462
674,0.10137844611528815
678,-0.038455451811995583
680,0.2237609329446065
681,0.36607142857142855
682,-0.6056338028169014
685,0.22826086956521738
688,0.1600446428571429
691,0.2716565349544072
692,-0.3224990971469845
694,-0.07042253521126761
695,-0.3898485251129418
697,-0.05352112676056344
698,-0.7370892018779343
700,0.00034340659340666906
702,0.11249999999999999
703,-0.7370892018779343
704,-0.2901408450704225
705,-0.30227518959913324
706,-0.6056338028169014
707,-0.055468614154060174
708,-0.01408450704225351
709,-0.07369800196528004
710,-0.33580429948109713
711,-0.17183098591549303
714,-0.21126760563380279
715,-0.11267605633802819
716,0.44875776397515527
718,0.04910714285714288
719,0.2598455598455598
720,-0.02660406885758992
722,0.3962585034013605
724,0.12193712436430881
725,0.09168443496801708
726,0.6830357142857143
728,-0.11709060332142113
731,0.1306122448979591
733,0.0685131195335276
735,0.12095238095238096
736,0.10740386288498345
737,-0.10838946723821181
741,-0.10446009389671367
742,-0.14673495518565943
743,0.012059369202226465
745,-0.03068939955522606
746,0.11801242236024848
747,0.04910714285714297
748,-0.10959507042253529
750,0.008437590922315996
751,0.36607142857142855
753,0.41483516483516486
754,0.23928571428571432
755,-0.21126760563380284
756,0.15476190476190474
759,-0.2507042253521128
760,0.18857142857142853
761,-0.15059588299024923
762,0.08529028049575987
764,-0.004694835680751221
765,0.09438775510204075
766,-0.1222171740118128
767,0.4928571428571429
769,0.15476190476190474
771,0.2755102040816326
775,-0.5070422535211268
776,-0.6056338028169014
778,-0.012241674345136223
779,0.23928571428571432
780,0.09239739851984748
781,0.09915413533834577
782,-0.06452669505404522
783,0.18341404358353505
784,0.14595734126984125
785,0.059331797235023055
786,0.18390804597701144
787,-0.2112676056338028
788,0.005821271239773379
793,-0.07981220657277001
798,-0.03079493912628298
799,-0.03420523138833002
800,-0.1287726358148894
801,0.1640502354788069
802,-0.04721126760563373
803,0.3238095238095238
804,0.01892006802721085
805,-0.16107554417413578
806,-0.21126760563380284
807,0.3084415584415584
808,0.23160173160173153
809,-0.10035211267605641
810,-0.002485501242750646
811,0.6830357142857143
813,0.22519841269841265
815,-0.6056338028169014
818,-0.014084507042253553
824,0.5773809523809523
827,-0.6056338028169014
828,0.195993031358885
829,0.14613702623906705
830,0.13555194805194806
831,0.3660714285714286
832,-0.10868680289831482
833,0.18341404358353505
834,-0.6056338028169014
835,-0.08405270331667422
836,0.1211444805194805
837,-0.11120454067689721
838,0.01662049861495845
839,-0.029252437703141992
840,0.5170068027210885
841,-0.298904538341158
842,0.1472819216182048
844,0.5773809523809523
846,-0.03201024327784896
847,0.5773809523809523
848,-0.11267605633802819
849,0.16136532738095238
850,0.36607142857142855
851,-0.2813771517996871
852,-0.01632522407170304
854,0.15476190476190474
858,0.005415324024346513
860,0.3660714285714286
861,0.07446428571428568
862,-0.37558685446009393
863,0.3660714285714286
864,0.4928571428571429
866,0.12087264150943391
867,-0.2112676056338028
869,0.40336134453781514
870,-0.25766362883181443
874,0.15476190476190474
875,0.04910714285714288
876,-0.014084507042253539
877,0.4928571428571429
879,0.061932287365813306
880,0.14079102715466352
881,0.281547619047619
882,-0.1017214397496088
884,-0.6056338028169014
885,0.12834821428571427
886,-0.11267605633802819
888,0.05816326530612239
891,-0.03268668615466388
892,-0.19549295774647893
893,-0.15749039692701675
895,-0.6056338028169014
896,0.13251879699248115
897,0.035714285714285754
898,-0.019988192628826895
899,-0.005752826820075397
900,0.00014518002322877463
901,-0.021971830985915593
902,-0.12488262910798126
903,0.08347676419965587
904,-0.0199803471994759
905,-0.10056832221398579
906,0.02328042328042329
907,-0.1395646606914213
908,-0.03426860374847511
909,0.06885245901639343
910,0.006101938262742168
911,0.10240202275600502
912,0.028606965174129254
913,-0.04705610713461104
914,0.0449907235621521
915,0.003135223555070943
916,-0.07774204280802928
917,-0.3098591549295775
918,-0.152112676056338
919,0.00749594813614261
920,0.007099827882960403
921,-0.153755868544601
922,-0.0007412898443292515
923,0.023513753327417914
924,0.03148382640727537
925,0.4928571428571429
926,-0.14295220139736056
927,-0.12026002166847233
928,0.06484295845997974
929,0.2142857142857143
930,0.08216476774758996
931,0.18727106227106222
932,0.011817226890756365
933,0.1924957482993197
934,-0.06228482003129893
935,0.005602240896358452
936,0.3173076923076923
937,0.04910714285714288
938,0.14872448979591832
939,-0.3098591549295775
940,0.12468225724453486
941,0.2887630662020906
942,-0.023474178403755822
943,0.09438775510204075
944,-0.33176838810641623
945,-0.05671869052150743
946,-0.04345220257716511
947,0.004497354497354487
948,0.0288753799392097
949,0.040979853479853556
950,0.10780423280423278
951,-0.008849557522123902
952,0.01969808541973483
953,0.032867985904039006
954,-0.1460831102316377
955,-0.0483063671283902
956,-0.26760563380281693
957,0.1849489795918367
958,-0.11267605633802819
959,0.11544850498338881
960,-0.07981220657277001
961,-0.38654147104851333
962,0.04910714285714288
963,0.42370129870129863
964,-0.1373239436619719
965,-0.00860719874804374
967,0.46616541353383456
968,-0.012151339409003044
969,0.03211951447245566
970,0.1849489795918367
971,0.11691542288557219
972,0.4928571428571429
973,0.12704918032786888
974,0.6377551020408163
976,-0.2320237212750185
977,-0.6056338028169014
978,0.14333976833976833
981,-0.6056338028169014
982,-0.06338028169014086
984,-0.2112676056338029
986,0.013045337895637204
987,0.6377551020408163
988,0.036428571428571345
990,0.02472527472527478
991,0.16796875000000003
992,0.5525210084033613
993,-0.5070422535211268
994,-0.00011090163025403584
996,0.04569892473118285
997,0.3084415584415584
998,0.06775210084033614
999,0.06578947368421044
1000,0.3660714285714286
1002,-0.6056338028169014
1003,-0.030985915492957636
1004,-0.02088392423506567
1005,0.17056074766355148
1006,0.125615763546798
1007,0.09544695071010864
1008,-0.07527926177756196
1009,0.055087601078166994
1010,0.2006987577639751
1011,0.006627393225331281
1012,-0.045454545454545504
1013,-0.000578815357900876
1014,0.016763848396501472
1015,0.04537815126050413
1016,0.125615763546798
1017,0.08814215341308934
1018,0.1820276497695853
1019,-0.0525877156429703
1020,-0.03829997529033854
1021,0.01705457463884426
1022,-0.006870491240123593
1023,0.03325892857142867
1024,-0.2650448143405891
1025,0.031165768194070076
1026,-0.34272300469483563
1027,0.14160644802668143
1028,0.06199186991869911
1029,-0.05304883191363746
1030,0.020539546290619135
1031,0.03401360544217682
1032,-0.0922136593143769
1033,-0.2394366197183099
1034,-0.11267605633802816
1035,0.024725274725274818
1036,-0.0061638328916415975
1037,0.06251988545975189
1038,0.4365079365079365
1039,-0.2112676056338028
1040,0.3660714285714286
1041,-0.04266176770769548
1042,0.0400037299515107
1043,0.3138655462184874
1044,0.24867724867724866
1046,-0.07981220657276998
1047,0.019739844819717006
1049,0.03844473569244213
1050,-0.1426821800367422
1051,0.2223809523809524
1053,-0.244131455399061
1054,0.1125
1055,0.7016806722689076
1056,-0.4084507042253522
1057,0.12990196078431376
1058,0.04910714285714288
1059,0.03540551667352821
1060,-0.10281690140845065
1061,-0.015927339739370824
1062,-0.6056338028169014
1063,-0.25508607198748035
1064,0.11658986175115199
1066,0.06891741071428575
1067,-0.09859154929577468
1068,-0.01408450704225366
1069,0.04910714285714297
1071,0.3660714285714286
1073,-0.042400617806053045
1076,-0.09859154929577468
1077,-0.0122242891310125
1078,-0.06069142125480155
1079,-0.06813469650389647
1080,-0.11440573264146273
1081,-0.03599374021909227
1082,0.049107142857142815
1083,0.1547619047619048
1084,-0.014084507042253601
1085,0.001899696048632158
1086,0.12778622087132724
1087,0.2755102040816326
1088,0.09974640743871506
1089,0.064627700917146
1090,-0.004347070074769612
1091,0.042063492063492094
1092,0.07331168831168831
1093,0.0023419203747072834
1094,-0.03019242213846465
1095,-0.0697597348798674
1096,-0.08108847258307122
1097,0.041789619857663586
1099,-0.11924882629107973
1100,0.11127698667891596
1101,-0.03029133706347669
1102,0.15476190476190474
1103,-0.04273504273504278
1104,-0.016942233108797753
1105,-0.014084507042253539
1107,-0.8028169014084506
1111,-0.17183098591549292
1112,-0.01408450704225366
1113,0.1992481203007518
1114,0.26041666666666663
1116,0.6619047619047619
1117,0.15476190476190474
1119,0.34259259259259256
1120,-0.062284820031298975
1121,0.23928571428571432
1123,0.5471938775510203
1124,0.015341188021600314
1125,0.06151499745805803
1126,-0.050128729365439974
1127,0.01080407832232655
1128,-0.05352112676056344
1129,-0.05865846419513258
1130,0.007099827882960439
1131,0.06916817359855319
1132,0.11327782646801049
1133,-0.6056338028169014
1134,-0.6056338028169014
1135,0.10702420503084949
1136,-0.08145539906103275
1138,-0.704225352112676
1139,-0.6056338028169014
1144,0.41483516483516486
1147,0.006101938262742268
1148,-0.09162842221870555
1149,-0.6056338028169014
1150,-0.1803369235017951
1151,-0.28297055057618437
1152,0.33850931677018636
1153,0.5773809523809523
1154,0.36607142857142855
1160,-0.6056338028169014
1161,0.1306122448979591
1162,0.29
1163,0.0943877551020407
1164,0.3660714285714286
1167,0.1306122448979591
1168,-0.21126760563380284
1169,-0.30227518959913324
1170,-0.4366197183098592
1171,-0.07451158564288958
1172,-0.010704225352112766
1173,0.1142367906066536
1174,0.3660714285714286
1175,-0.19497148178326149
1176,0.4204081632653061
1177,-0.13410900183710955
1178,0.10504201680672269
1179,-0.027230046948356883
1180,0.10907335907335915
1181,-0.4084507042253521
1183,-0.04944147644487614
1184,0.09168443496801708
1185,0.05199739470256196
1186,-0.06721767732141345
1187,-0.13410900183710955
1188,0.006627393225331405
1189,-0.08954964354025378
1190,0.1547619047619047
1191,0.026017029328287568
1192,0.16546112115732364
1193,0.01593052680009207
1194,0.04499072356215209
1196,0.013757966011683451
1197,-0.005094396164219383
1198,0.00733665559246949
1199,-0.08173126349336911
1200,0.014749182115594379
1201,-0.009028530155290834
1202,-0.2585915492957747
1203,-0.00048567265662947067
1204,0.04700804162724691
1205,0.09012605042016805
1206,-0.01856594110115242
1207,0.0024667524667524236
1208,-0.0434032768036792
1209,-0.05661419497376408
1210,0.00360767796727205
1211,-0.09241751881149912
1212,-0.03536325868882358
1213,0.030586692105890614
1214,0.029391660970608448
1215,-0.03423460470854338
1216,0.03401360544217685
1217,-0.11805377720870683
1218,0.00020408163265302033
1219,0.026864035087719253
1220,-0.007356474806846378
1221,0.015276800375322615
1222,0.0326823121751457
1223,-0.10791646430305978
1224,0.05115207373271873
1225,-0.03281690140845076
1226,0.10414884516680925
1227,-0.12713615023474176
1228,0.05875108664155317
1230,0.018433179723502363
1231,-0.14803589469305273
1232,-0.18806959403479714
1233,0.04431125957948513
1234,-0.04684130843694086
1235,-0.11175463998946951
1236,-0.2852112676056338
1237,0.1471812940422806
1238,-0.0633802816901408
1240,0.00490893568582811
1241,-0.244131455399061
1242,-0.03789299263070685
1243,-0.1965249440568646
1244,-0.04788732394366197
1245,0.09713203463203464
1246,0.02029220779220792
1247,0.05152671755725185
1248,0.06685714285714277
1249,0.0662883845126835
1250,-0.09780084012849015
1251,0.16959064327485374
1252,0.028371161548731715
1253,-0.11496888306583686
1254,-0.0541141586360268
1255,-0.14167357083678545
1256,-0.01640430820215416
1257,-0.00525541307546774
1258,0.00974025974025975
1259,-0.020246478873239455
1260,-0.029593290077543976
1261,-0.07660597732737888
1262,0.06158605174353203
1263,0.10070598006644521
1264,-0.14797426534515729
1265,-0.01287107258938246
1266,0.029324351099663123
1267,0.027899767501937543
1268,-0.14422535211267606
1269,-0.03531960996749733
1270,0.015706605222734177
1271,-0.0023474178403755396
1272,-0.04135451003895718
1273,0.13128306878306878
1274,-0.14783807741554217
1275,0.023631508678237635
1276,-0.052365474900686305
1277,-0.10468214693566812
1278,-0.05509409734761848
1279,-0.19894366197183103
1280,0.08814215341308934
1281,-0.12297666596594505
1282,0.04494264859228366
1283,0.16035950804162724
1284,-0.02672444925966064
1285,-0.10342052313883303
1286,-0.006781429316640543
1287,0.021653543307086538
1288,0.030277581329561522
1289,0.09168443496801708
1290,-0.18497652582159632
1291,0.05418927064496679
1292,-0.07758414896156605
1293,-0.010987390310449052
1294,-0.02839116719242905
1295,-0.07149224460688187
1296,-0.1488819925200924
1297,-0.08376575240919205
1298,-0.06723821187997553
1299,0.01174633351439434
1300,-0.042840375586854516
1301,-0.104027674820855
1302,-0.030072325846973794
1303,0.11801242236024832
1304,-0.03610009571995079
1305,-0.002485501242750646
1306,0.016763848396501472
1307,-0.027171880842577597
1310,-0.1830985915492958
1312,-0.2507042253521128
1313,-0.539906103286385
1315,-0.2112676056338028
1317,0.03817733990147783
1320,-0.007336796444063728
1321,0.026695526695526658
1322,0.00776397515527958
1323,-0.3345070422535211
1324,-0.1549295774647888
1325,0.10504201680672275
1326,-0.0952775476387739
1327,-0.09806990088680229
1328,0.1992481203007518
1329,-0.3802816901408452
1330,-0.30516431924882625
1331,-0.16197183098591544
1332,-0.27699530516431925
1333,0.006925583921781624
1334,-0.020182953390445756
1335,0.20758928571428567
1336,0.21513605442176872
1337,-0.06597479614529285
1339,-0.006857901334709883
1340,-0.17746478873239438
1341,-0.08802816901408446
1342,-0.05249679897567232
1343,0.002173283106345917
1344,0.04184841875681569
1345,-0.01408450704225348
1346,0.06158605174353203
1347,-0.015613058194126084
1348,-0.2211267605633804
1349,-0.2901408450704226
1350,-0.10399999999999993
1351,0.24867724867724866
1352,0.47985347985347987
1353,0.15476190476190477
1354,-0.04947634525099325
1355,-0.3098591549295775
1356,0.009402487109493509
1357,-0.06852155880065672
1358,-0.11675008730066344
1359,0.03926353149955632
1361,-0.08802816901408453
1362,0.1547619047619047
1363,0.1547619047619047
1364,-0.6056338028169014
1365,0.03401360544217685
1366,-0.10371318822023053
1367,0.026208582292232375
1369,-0.4084507042253521
1370,0.06820137693631662
1371,0.04910714285714283
1372,0.08700504658385093
1373,0.05621396540679057
1374,-0.0259060357347924
1375,0.022101217168481718
1376,-0.037601757332988726
1377,0.06844448654793478
1378,0.0343102843102843
1379,0.05735528412108328
1380,0.018433179723502283
1381,0.1209523809523809
1382,0.10980243161094215
1383,0.7464285714285714
1385,0.12765514369012912
1387,0.025838965276159545
1388,0.00859291084854992
1389,-0.1582930418330882
1390,0.1640502354788069
1391,0.07967730239303841
1392,-0.05105633802816897
1393,0.05617936829904375
1394,-0.005848357961033982
1395,-0.1434196577313342
1396,-0.0019599799443913725
1397,-0.2112676056338028
1398,0.2755102040816326
1399,-0.2858774267224971
1401,-0.06338028169014086
1404,-0.03201024327784896
1405,0.024156601416076527
1406,0.4928571428571429
1407,-0.0023006565288143785
1408,0.028875379939209654
1409,0.035714285714285754
1410,0.17962184873949583
1411,0.03880866425992773
1412,-0.07981220657277001
1413,-0.23446561723280868
1414,0.043911007025761194
1415,0.6830357142857143
1416,-0.004225352112676098
1417,0.01843317972350225
1419,-0.15623976416639368
1420,-0.014084507042253476
1421,-0.3098591549295775
1422,0.11006181318681324
1423,0.3084415584415584
1425,0.10023041474654369
1426,0.6196428571428572
1427,-0.1373239436619719
1428,-0.3150481838398814
1429,0.15855221012171689
1431,0.1740816326530612
1432,0.10907335907335915
1433,0.3660714285714286
1436,-0.5070422535211268
1437,-0.35915492957746475
1438,0.14419642857142861
1439,0.10504201680672275
1440,0.05447941888619846
1441,0.03089080459770109
1442,0.005602240896358452
1444,0.6377551020408163
1445,-0.02723004694835688
1446,-0.014084507042253553
1447,0.34981684981684974
1449,0.06697753285290374
1450,0.3084415584415584
1453,0.30049261083743845
1454,-0.31643192488262906
1455,0.2542016806722689
1456,0.2899999999999999
1457,0.04089563286454484
1458,0.3327067669172931
1459,-0.09124311083894678
1460,0.17857142857142866
1461,-0.02044525215810987
1463,0.562807881773399
1464,-0.12363067292644768
1465,-0.08673091178650862
1466,-0.09368135418012667
1468,-0.009275163174166974
1471,0.3660714285714286
1472,0.3327067669172931
1473,-0.07981220657277001
1474,-0.08578745198463512
1475,-0.06338028169014086
1476,0.10665892373209443
1477,-0.21126760563380279
1479,0.1285373337879305
1480,-0.10415579899147966
1482,-0.014084507042253497
1483,0.19425901201602133
1484,-0.20164891789762962
1485,0.16488451668092388
1486,-0.47417840375586856
1487,0.22292626728110593
1488,-0.025963006957407032
1489,0.40833333333333327
1490,0.3962585034013605
1493,-0.05352112676056347
1494,0.5245535714285714
1495,0.04910714285714288
1496,0.6542207792207791
1497,-0.5713410900183711
1498,0.039097744360902326
1499,0.04692118226600988
1500,-0.02013306834874273
1501,0.6830357142857143
1502,0.538961038961039
1503,-0.15125535823637473
1504,-0.49295774647887325
1507,0.10023041474654369
1508,0.1547619047619048
1509,0.5773809523809523
1511,0.3327067669172931
1513,0.0800025786487879
1514,0.5773809523809523
1515,-0.021668472372697714
1516,-0.18806959403479714
1517,-0.004859566757268825
1518,0.1095965103598692
1519,0.4928571428571429
1520,0.36607142857142855
1522,-0.014084507042253476
1523,-0.2112676056338029
1525,-0.05958829902491877
1526,0.30175983436853
1527,0.05794678429140578
1528,-0.6056338028169014
1529,0.3914285714285714
1531,-0.3098591549295775
1532,0.4928571428571429
1533,0.15476190476190474
1534,0.4928571428571429
1535,0.09915413533834577
1537,-0.031655278203876834
1538,0.4928571428571429
1539,0.04910714285714288
1541,-0.13239436619718312
1542,0.08714285714285719
1543,0.5773809523809523
1544,0.050148646534188726
1545,0.1701298701298702
1546,0.2659774436090225
1547,-0.0678617157490397
1549,0.5245535714285714
1550,0.005602240896358452
1551,-0.10371318822023057
1552,0.09953327922077918
1554,0.06178571428571423
1556,0.12689691261119834
1558,-0.6056338028169014
1561,-0.6056338028169014
1562,0.07480694980694985
1563,0.4621212121212121
1564,0.4928571428571428
1565,-0.05352112676056347
1566,-0.08260912995704726
1567,0.2755102040816326
1569,0.04111644657863144
1570,0.2956349206349206
1571,0.2755102040816325
1572,0.6692546583850931
1573,0.06771621064210094
1574,-0.21126760563380284
1575,-0.2901408450704226
1580,0.03808229813664588
1581,0.21111111111111105
1582,-0.21126760563380284
1583,-0.21126760563380279
1584,-0.04197392793485481
1585,0.1547619047619047
1586,0.039692362093352196
1587,-0.07750597150152383
1588,0.06262694651320241
1589,0.05087789305666389
1590,0.047355958958168874
1591,0.09438775510204088
1592,0.27134646962233167
1593,0.1125
1594,-0.24507042253521127
1595,0.2392857142857143
1596,0.15476190476190474
1597,-0.05053852526926257
1598,-0.02640845070422543
1599,-0.2934272300469483
1600,-0.06929577464788741
1601,-0.049935979513444397
1602,0.01843317972350225
1603,0.04785431959345006
1604,-0.2798530312308634
1605,0.1547619047619047
1606,-0.23258469737342977
1608,0.024223202794631346
1609,-0.3615023474178403
1610,0.030274955170352506
1611,-0.1017214397496088
1612,0.43650793650793646
1613,-0.21126760563380284
1614,0.04604960955443266
1615,0.08896492728828058
1616,0.15190637065637067
1617,0.018929221173005245
1619,-0.06015532447018562
1620,0.09376534118802161
1621,0.31876332622601283
1623,-0.34272300469483563
1624,-0.16197183098591544
1625,-0.030323115161557595
1626,-0.2535211267605635
1627,0.12749615975422426
1629,0.08080357142857139
1631,0.08432539682539683
1632,0.15476190476190468
1633,-0.10415579899147966
1635,0.020450097847358222
1636,0.3660714285714286
1639,-0.014084507042253619
1640,0.30844155844155846
1641,-0.05217669654289377
1642,-0.125535823637477
1643,-0.03713188220230484
1644,0.013888888888888831
1645,0.06799905392620625
1646,0.1547619047619047
1647,0.2755102040816325
1648,0.02193877551020398
1649,-0.021387584767866452
1650,-0.23446561723280868
1651,0.45663265306122447
1652,0.15476190476190474
1653,0.020959735245449508
1654,-0.16901408450704233
1655,0.11027568922305757
1656,0.3084415584415584
1657,0.3660714285714286
1658,0.2307383627608347
1659,-0.014084507042253476
1660,0.1735449735449735
1661,-0.19766877124817886
1662,0.3660714285714286
1663,-0.006572769953051681
1664,-0.7370892018779343
1665,0.1547619047619047
1666,0.3660714285714286
1667,-0.18995051389417592
1668,0.4453125
1669,0.06084656084656076
1670,0.0702380952380952
1671,0.2542016806722689
1672,-0.07570422535211269
1673,-0.08330217291952309
1674,-0.03425835541300607
1675,-0.3098591549295775
1676,0.045731191885037915
1677,0.06084656084656076
1678,-0.05915492957746479
1679,0.3327067669172931
1680,0.03401360544217685
1681,-0.039364391477067544
1682,-0.02768334142787754
1683,0.08080357142857139
1684,0.03401360544217685
1685,-0.6056338028169014
1686,0.24532312925170063
1687,0.033518735362997716
1688,-0.01635097943985753
1689,0.005327545382794096
1690,-0.004269963673443431
1692,-0.4084507042253521
1693,-0.147316330414922
1694,-0.021387584767866473
1695,-0.13239436619718323
1696,0.5773809523809523
1699,-0.26969222743870636
1701,-0.044968606821652796
1702,0.10169762972453553
1703,0.26041666666666663
1704,-0.007810499359795185
1707,0.2263922518159806
1711,-0.0483772198407838
1713,0.049107142857142856
1715,-0.36901408450704226
1717,0.09168443496801716
1718,-0.014084507042253476
1719,-0.16601246825213573
1720,-0.014084507042253476
1721,0.04176215940921822
1722,0.11507936507936502
1725,-0.38654147104851333
1726,0.026695526695526658
1727,-0.244131455399061
1728,0.5996240601503758
1729,-0.015037082397768273
1730,-0.08477278766941271
1731,0.2237609329446065
1732,-0.06731184653935882
1733,-0.1505958829902492
1734,-0.21715366827832677
1735,-0.08147619896594761
1739,0.39943609022556387
1741,-0.7370892018779343
1743,0.04910714285714288
1744,-0.26969222743870636
1746,0.04910714285714297
1747,-0.08892772694561538
1748,0.006710646041856324
1749,0.7182539682539683
1750,-0.08673091178650862
1752,0.07639545884578998
1753,0.07315270935960597
1754,0.034443314692425064
1755,0.49285714285714277
1756,-0.27699530516431925
1758,-0.16197183098591544
1759,-0.3887323943661973
1760,0.0696300102774924
1762,0.025914634146341403
1767,0.23928571428571432
1769,-0.011917659804983705
1770,-0.14553990610328635
1771,0.030462184873949662
1772,0.0010822510822510476
1773,-0.6056338028169014
1777,-0.010277883517320228
1779,0.08892677674084716
1780,-0.6056338028169014
1782,0.6377551020408163
1783,-0.0387323943661972
1784,-0.012141816415735756
1785,0.22826086956521738
1788,-0.33885666942833476
1791,0.08974358974358967
1792,0.07229965156794424
1793,0.23928571428571432
1794,-0.2267329466998067
1795,-0.6056338028169014
1796,-0.4084507042253521
1797,0.12067972350230409
1798,0.49285714285714277
1799,-0.1769748928352726
1801,-0.09859154929577452
1804,-0.2211267605633804
1805,0.05466791979949873
1806,0.10023041474654369
1807,-0.649452269170579
1809,-0.6056338028169014
1810,0.11927480916030542
1811,0.7886904761904763
1812,-0.2375586854460093
1814,-0.16197183098591544
1816,0.20964749536178112
1817,0.4928571428571429
1821,0.12784349408553233
1822,0.7330827067669172
1824,0.11085343228200374
1825,0.04910714285714288
1826,-0.180931744312026
1827,-0.05352112676056333
1829,-0.27193932827735645
1831,-0.009933283914010384
1833,0.04910714285714288
1834,-0.046948356807511714
1835,0.020292207792207823
1836,-0.1267605633802817
1837,0.00776397515527958
1839,-0.09859154929577464
1840,0.007763975155279385
1841,0.0943877551020407
1842,-0.6056338028169014
1844,0.03401360544217685
1845,0.034567496723459996
1846,-0.5179968701095462
1848,-0.05200433369447449
1849,0.5773809523809523
1850,-0.36901408450704226
1851,-0.6056338028169014
1853,0.6619047619047619
1854,0.05816326530612239
1855,0.35132890365448505
1856,0.2755102040816326
1857,0.4928571428571429
1858,0.1015185601799774
1859,-0.13239436619718323
1860,-0.3098591549295775
1861,-0.2112676056338028
1862,-0.09295774647887318
1863,0.29182754182754184
1864,0.4365079365079365
1865,0.11249999999999999
1866,-0.1310575316304607
1867,-0.03201024327784896
1868,-0.6056338028169014
1869,-0.1373239436619719
1870,-0.21126760563380284
1871,-0.8685446009389671
1872,-0.4084507042253521
1873,-0.20668195217818547
1874,-0.4263764404609475
1875,-0.1505958829902492
1876,0.07616506968641115
1878,0.4365079365079365
1879,0.04910714285714288
1880,-0.11267605633802819
1881,0.45663265306122447
1882,0.0012968874700718196
1883,-0.03758301101948481
1884,-0.25338438397374535
1885,-0.1772360048616573
1887,0.07792207792207785
1888,0.09248120300751883
1889,0.08432539682539683
1890,-0.014084507042253476
1891,0.2755102040816326
1892,0.02943349753694582
1893,0.20758928571428567
1894,0.103756157635468
1895,0.13251879699248115
1896,0.030462184873949662
1897,-0.08309859154929586
1898,-0.47417840375586856
1899,0.7182539682539683
1900,-0.14899925871015576
1901,0.3660714285714286
1902,0.22826086956521738
1903,-0.2112676056338028
1904,-0.0017605633802817077
1905,-0.6056338028169014
1906,-0.13239436619718323
1907,0.005884740259740106
1909,0.07602739726027397
1910,0.0702380952380952
1911,0.03749065071054596
1912,0.06155589123867067
1913,-0.21830985915492962
1914,0.0028089887640449437
1916,-0.10172143974960879
1917,0.12402597402597405
1918,0.20291888857704177
1919,0.07521008403361341
1920,-0.052783993681716525
1921,0.07174744897959182
1922,-0.11267605633802819
1923,-0.008017334777898193
1924,-0.030516431924882605
1925,0.2755102040816325
1926,0.2899999999999999
1927,0.05073260073260074
1928,0.03401360544217685
1929,0.08548009367681497
1930,0.3660714285714286
1931,0.17962184873949572
1932,0.1547619047619048
1933,0.40336134453781514
1934,0.3348946135831382
1935,0.057234432234432135
1936,0.011501210653753015
1937,0.06288819875776396
1938,-0.12824314306894
1939,0.2833850931677019
1940,-0.06520605112154407
1941,-0.08367854183927105
1942,-0.12599923867529508
1943,-0.12824314306894
1944,0.0526954177897574
1945,0.07913533834586461
1946,0.023407335907335885
1947,0.13086824835941435
1948,0.14333976833976833
1949,0.08651286601597145
1950,-0.008109261630388442
1951,0.028525046382189376
1952,-0.034624413145539885
1953,0.05365686944634302
1954,0.0001324386367648276
1955,0.10414884516680925
1956,0.10742857142857139
1957,-0.07146583202921235
1958,-0.019273535952557486
1959,0.09987631416202847
1960,0.027699968876439416
1961,0.054346221959858214
1962,-0.11070422535211277
1963,-0.0001983733386232493
1964,0.08622908622908615
1965,-0.03760175733298884
1966,-0.16118935837245693
1967,-0.028873239436619857
1968,-0.05160164526984933
1969,0.026695526695526658
1970,-0.05651631306828319
1971,-0.15492957746478878
1972,-0.07981220657276997
1973,0.018433179723502297
1974,-0.12273641851106648
1975,-0.1528429838288993
1976,0.031498015873015824
1977,-0.03420523138833002
1978,-0.2112676056338029
1979,-0.05591122492530954
1980,-0.19812206572769944
1981,-0.09295774647887318
1982,-0.0551091785613007
1983,-0.09095249462878956
1984,-0.014084507042253466
1985,-0.08992416034669562
1986,-0.07635285396590065
1987,-0.11267605633802823
1988,0.040540540540540536
1989,-0.21126760563380284
1990,0.41483516483516486
1991,-0.17541613316261212
1992,-0.04947634525099325
1993,-0.16038164470695138
1994,-0.06588684650274515
1995,-0.04012755779962797
1996,-0.05591122492530954
1997,-0.0415984277759581
1998,0.08347676419965587
1999,0.10980243161094215
2000,0.024559270516717312
2001,0.04781341107871711
2002,0.14065108514190314
2003,0.026466836734693782
2004,0.01599147121535186
2005,-0.023656502119513173
2006,0.049550449550449537
2007,0.0288753799392097
2008,0.36607142857142855
2009,-0.07355242566510166
2010,-0.07867897037396811
2011,0.03890686191043747
2012,0.06196726900784179
2013,0.05400504572690003
2014,-0.02925243770314188
2015,0.10663446873411288
2016,0.24532312925170063
2017,0.02472527472527465
2018,-0.04389125450376681
2019,-0.0929577464788732
2020,-0.06488713943046936
2021,0.011652809271856836
2022,-0.08154188287620463
2023,0.03724216959511076
2024,-0.125535823637477
2025,0.3150656814449918
2026,-0.14940624136978728
2027,0.16347569955817373
2028,0.03508217446270543
2029,0.21305418719211827
2031,0.06084656084656076
2032,0.3660714285714286
2033,-0.03448275862068969
2034,-0.1434196577313342
2035,-0.27042253521126763
2036,0.2010763209393346
2037,-0.14167357083678545
2038,0.37803234501347704
2040,-0.06597479614529285
2041,0.13128306878306878
2042,0.16059113300492614
2043,-0.09624413145539903
2044,0.3196864111498257
2045,-0.11847555923777975
2046,0.1631513647642679
2047,-0.1549295774647888
2048,0.14613702623906705
2049,0.5092165898617511
2050,-0.1515151515151515
2051,0.12095238095238096
2052,0.19732785200411102
2053,-0.003129890453834147
2054,0.021362258431224013
2055,0.20758928571428567
2056,0.024725274725274683
2057,0.03950216450216444
2058,0.012173913043478122
2059,0.1547619047619047
2060,0.12368697478991604
2061,0.5773809523809523
2062,0.12225274725274732
2063,0.6377551020408163
2064,-0.09393551390990561
2065,-0.015523799732702875
2066,-0.08802816901408446
2067,0.1387003732609433
2068,-0.040730871716787215
2069,0.15476190476190482
2070,-0.08147619896594761
2071,-0.2112676056338029
2072,-0.09552969993876294
2073,0.04910714285714288
2074,-0.2112676056338029
2075,0.1125
2076,-0.031820552947313466
2077,-0.12910798122065734
2078,-0.058350100603621766
2079,0.3084415584415584
2080,-0.009275163174166925
2081,0.0034608729090559046
2082,0.20701298701298704
2083,0.02059712773998489
2084,0.2142857142857143
2085,-0.10640722950419278
2086,0.4717261904761904
2087,-0.0244625648628614
2088,-0.03855248277989117
2089,-0.13765258215962448
2090,-0.18205529473135104
2091,0.16683673469387753
2092,0.06242496998799519
2093,-0.09859154929577464
2094,0.09238270954138103
2095,0.31621187800963085
2096,-0.004565322972316643
2097,-0.06103286384976526
2098,0.3238095238095238
2099,0.05501330967169476
2100,0.040459244195898914
2101,0.07792207792207785
2102,-0.18045774647887328
2103,-0.35211267605633806
2104,-0.08802816901408446
2105,0.011870650839132076
2106,-0.09154929577464795
2107,0.1262065637065638
2108,-0.0929577464788733
2109,0.13298762127801936
2110,0.010687229437229459
2111,0.015146683673469306
2112,0.01219162363740674
2113,-0.2816901408450705
2114,-0.06597479614529285
2115,0.05065331010452962
2116,-0.06565547128927408
2117,-0.07347700661802137
2118,-0.09295774647887325
2119,-0.07682458386683748
2120,-0.030985915492957636
2121,-0.1713317881975397
2122,-0.022913601009039317
2123,0.1283482142857143
2124,-0.027485300150417082
2125,-0.08191549295774647
2126,0.1433397683397683
2127,0.15476190476190474
2128,0.5170068027210885
2129,0.15476190476190474
2130,0.031818181818181863
2131,0.49285714285714277
2132,0.14333976833976833
2133,-0.008962868117797746
2134,0.09390476190476184
2135,-0.12599923867529508
2136,0.0608465608465609
2137,-0.0610328638497652
2138,0.14364035087719293
2139,-0.11786508524833218
2140,-0.09806990088680229
2141,0.05126336248785224
2142,0.268543956043956
2143,-0.14436619718309865
2144,0.049713193116634725
2145,0.007099827882960379
2146,0.059012276785714315
2147,-0.0405717889426109
2148,-0.13542795232936078
2149,0.14378478664192956
2150,0.016142857142857153
2151,0.5023364485981309
2152,0.1710164835164835
2153,0.10714285714285712
2154,0.08911234396671285
2155,-0.16999672453324596
2156,0.2755102040816326
2157,-0.07981220657277001
2158,0.5525210084033613
2159,0.10780423280423272
2160,0.0025859658932064914
2161,0.011928429423459244
2162,0.37500000000000006
2163,-0.1996685998343
2164,0.5525210084033613
2165,-0.23258469737342977
2166,0.1547619047619048
2167,0.041007544414699316
2168,0.08189655172413797
2169,0.205988455988456
2170,0.25263157894736843
2171,-0.03829997529033854
2172,-0.6056338028169014
2173,-0.2527798369162343
2174,-0.0421243054658225
2175,0.024725274725274683
2176,-0.17946388005452066
2177,0.08548009367681497
2178,0.23581213307240695
2179,0.34562211981566815
2180,0.11544850498338881
2181,0.015546218487394849
2182,-0.18661971830985916
2183,0.2702980472764645
2184,0.05206942590120156
2185,-0.05352112676056347
2186,0.03366762177650418
2187,-0.46222791293213833
2188,0.023682200152788463
2189,0.5773809523809523
2190,-0.36901408450704226
2191,-0.07981220657277001
2192,-0.47417840375586856
2193,-0.04273504273504278
2194,-0.0011038014923396564
2195,0.24416208791208796
2196,0.2755102040816326
2197,0.04910714285714288
2200,0.6377551020408163
2201,0.5525210084033613
2202,-0.12163892445582591
2203,0.06029411764705877
2204,0.21691176470588241
2205,-0.09295774647887327
2206,0.14800000000000002
2207,0.15476190476190474
2208,-0.18699891657638137
2209,-0.07981220657277001
2210,-0.14167357083678545
2211,-0.14553990610328635
2212,0.18961708394698082
2215,0.4928571428571429
2219,-0.07981220657277001
2221,0.04910714285714288
2227,-0.2112676056338029
2231,0.07792207792207799
2232,0.12056151940545004
2233,-0.7370892018779343
2234,-0.6056338028169014
2236,0.2311059907834101
2237,-0.37365368682684347
2238,0.2263922518159806
2239,-0.07527926177756196
2240,-0.03408858950806291
2241,0.04569892473118285
2242,0.4928571428571429
2243,0.025751879699248074
2244,-0.014084507042253476
2245,-0.051954108758511364
2246,-0.2901408450704226
2247,-0.10915492957746481
2248,-0.05087239857052771
2249,0.03261767134599494
2250,0.11801242236024848
2251,-0.6056338028169014
2252,0.01599147121535186
2253,-0.017214397496087573
2255,0.2517564402810305
2256,0.3327067669172931
2257,0.6619047619047619
2259,0.37000887311446307
2260,0.17760617760617764
2261,0.16174734356552528
2262,-0.08249496981891352
2263,-0.2246359513010264
2264,-0.13542795232936078
2265,0.027976190476190505
2266,0.17201166180758015
2267,-0.0678617157490397
2268,0.00037544584193722536
2269,0.09665178571428569
2271,0.031818181818181863
2272,-0.16744913928012523
2273,0.056736480150046835
2275,0.073489010989011
2276,-0.1941212492345377
2278,0.01801081878534532
2279,-0.0641160395207064
2280,0.09045031055900621
2282,-0.2296959326049757
2283,-0.12824314306894
2284,0.23160173160173153
2285,0.195993031358885
2286,0.10023041474654369
2287,0.020862800565770848
2288,-0.022416187264431675
2289,-0.07486011962184057
2290,0.009031198686371018
2291,0.0020273009866198623
2292,0.15476190476190468
2293,0.1992481203007518
2294,-0.01941377997716028
2295,0.1849489795918367
2296,-0.21126760563380284
2297,0.03307392996108942
2298,0.36607142857142855
2299,0.15476190476190474
2300,0.10780423280423279
2301,0.12402597402597408
2302,-0.03474178403755876
2303,0.14079102715466352
2304,0.5773809523809523
2305,-0.298904538341158
2306,0.12953091684434975
2307,-0.3953051643192488
2310,-0.16541107107762862
2311,-0.021387584767866473
2312,-0.009889121965837615
2313,-0.1514327343370568
2314,-0.1515151515151515
2315,-0.014084507042253521
2316,0.056478405315614655
2317,0.6377551020408163
2318,-0.02265768524188607
2320,0.02328042328042329
2321,-0.010499359795134423
2322,0.08333333333333329
2323,0.24867724867724866
2324,-0.07484441532918443
2325,-0.3277848911651729
2326,-0.6056338028169014
2327,-0.03448275862068969
2328,-0.1309337506520605
2329,-0.0151620103132456
2330,0.10504201680672275
2331,0.1229860365198711
2332,0.6377551020408163
2333,-0.11378382655483472
2334,-0.010499359795134494
2335,0.10023041474654368
2336,-0.02936437815082378
2337,-0.014084507042253497
2338,0.13555194805194806
2339,0.42370129870129863
2340,-0.08992416034669555
2341,-0.2375586854460093
2342,0.04910714285714288
2343,-0.6056338028169014
2344,-0.027683341427877782
2345,-0.1830985915492958
2346,0.04619921363040627
2347,-0.006781429316640542
2348,-0.09552969993876294
2349,0.24720982142857142
2350,0.5245535714285714
2351,0.0608465608465609
2352,0.046504808820079666
2353,0.0269107643057222
2354,0.22519841269841265
2355,-0.03484062268346921
2356,-0.24711907810499364
2357,-0.2539017891130568
2358,0.15476190476190474
2359,-0.10488044546347854
2360,-0.321323288568621
2361,-0.12273641851106648
2362,-0.4443021766965429
2363,-0.014084507042253593
2364,0.1640502354788069
2365,-0.11737089201877939
2366,-0.10542040119504914
2367,0.11416094822208354
2368,-0.3998775260257196
2369,0.09321544151641234
2370,0.1064625850340136
2371,0.011600928074245986
2372,0.18293650793650784
2373,0.011817226890756365
2374,0.04015334947538331
2375,-0.020657276995305174
2376,0.19599303135888496
2377,-0.21126760563380276
2378,0.18727106227106222
2379,-0.0292524377031419
2380,0.035714285714285754
2381,-0.021971830985915593
2382,-0.18712273641851107
2383,-0.02784146740910587
2384,-0.1762646887240603
2385,0.10780423280423278
2386,0.35258358662613976
2387,0.24080410607356706
2388,-0.21126760563380284
2389,0.18857142857142853
2390,-0.1184755592377796
2391,-0.016861733782979584
2392,0.09318826868495746
2393,0.013646422424391296
2394,0.09735697557711602
2395,-0.05899843505477311
2396,0.016035839892815335
2397,-0.2605633802816901
2398,-0.07981220657277006
2399,-0.13802816901408446
2400,0.32878151260504207
2401,-0.08540605334132458
2402,-0.09067628913979742
2403,0.052397429560059224
2404,0.034567496723459996
2405,0.0025140490979000236
2406,-0.00945096164454093
2407,-0.09489725236665895
2408,-0.055596738324685036
2409,0.04223794781070332
2410,0.050196367206676445
2411,0.02328042328042329
2412,-0.07660597732737888
2413,-0.040069876624085565
2414,0.028284671532846643
2415,0.818877551020408
2416,0.08324175824175821
2417,-0.0678617157490397
2418,0.21513605442176872
2419,-0.03380281690140849
2420,0.024177367576243947
2421,0.05732811856731168
2422,0.09867975626269468
2423,0.034661049406357704
2424,0.05792611643675459
2425,-0.04888152444076236
2426,-0.06338028169014093
2427,-0.03524149186967308
2428,0.01998069498069496
2429,-0.10371318822023048
2430,-0.15982853643600728
2431,0.20627225959635923
2432,0.10780423280423278
2433,-0.02304737516005131
2434,0.07792207792207785
2435,0.09686888454011737
2436,0.0984126984126984
2437,-0.10509209100758399
2439,-0.2684221269646867
2440,0.030462184873949662
2441,0.0657894736842104
2442,0.03817733990147783
2443,0.024725274725274728
2444,-0.7370892018779343
2445,-0.0678617157490397
2446,0.2755102040816326
2447,0.26144244105409153
2448,0.1124999999999999
2449,-0.24711907810499364
2450,0.04206349206349213
2451,-0.15649452269170572
2452,0.0943877551020407
2453,-0.19766877124817886
2454,-0.08887809616318594
2455,-0.05477308294209715
2456,-0.12612035851472475
2457,0.11514136904761899
2458,0.33529819694868235
2459,-0.20645826176571622
2460,0.26746031746031745
2461,0.3914285714285714
2462,0.11249999999999999
2463,0.05186335403726706
2464,0.6377551020408163
2465,-0.014084507042253539
2466,0.23928571428571432
2467,-0.1889449906989105
2468,-0.0656008120796854
2469,-0.09859154929577474
2470,0.04240397065170474
2471,-0.0022872276393403634
2472,-0.12967459932005834
2473,-0.12582159624413145
2474,-0.1418883672404799
2475,0.12225274725274732
2476,0.030118499012508286
2477,-0.12026002166847233
2478,-0.05068735767900817
2479,-0.05958829902491877
2480,-0.6056338028169014
2481,0.12225274725274732
2482,0.36607142857142855
2483,0.013888888888888819
2485,0.011501210653752862
2486,-0.21126760563380284
2487,-0.704225352112676
2488,-0.2384652744050511
2490,0.029261436238180474
2491,0.18390804597701144
2492,0.04596888260254598
2493,0.5773809523809523
2494,-0.5070422535211268
2495,-0.25766362883181443
2496,0.0909703504043127
2497,0.19407530454042085
2498,0.0702380952380952
2499,0.0657894736842104
2500,0.2197802197802197
2501,-0.0916284222187055
2502,-0.04047909504269714
2503,-0.6056338028169014
2504,-0.1636716852841186
2505,0.13810696692470079
2506,0.25538548752834467
2507,-0.06338028169014093
2509,0.024725274725274683
2511,-0.19666145018257694
2512,-0.3802816901408452
2513,-0.17102615694164996
2514,0.15476190476190468
2515,0.23928571428571432
2516,0.17962184873949583
2517,-0.06520605112154404
2518,0.1624111182934712
2519,0.24613899613899615
2520,0.1229860365198711
2521,0.043911007025761194
2522,-0.09624413145539903
2523,-0.2112676056338029
2524,-0.04947634525099325
2525,0.2197802197802198
2526,0.2139285714285714
2527,-0.07427724240177906
2528,-0.01518608859863096
2529,-0.03051643192488258
2530,-0.010292524377031409
2531,-0.056950398040416336
2532,0.04423076923076916
2533,0.0927943024717219
2534,-0.05352112676056347
2535,0.02699335548172758
2536,-0.0678617157490397
2537,-0.2769953051643193
2539,-0.06688216732086509
2540,0.03508217446270545
2541,0.0952669902912621
2542,0.06022869674185463
2544,0.024725274725274683
2545,-0.44788732394366204
2546,0.13463718820861675
2548,0.03242481203007502
2549,-0.014084507042253542
2550,-0.08220230473751601
2551,-0.03918053777208708
2552,-0.17840375586854465
2553,-0.10531847803237346
2554,-0.17541613316261204
2555,-0.07444668008048297
2557,-0.9014084507042253
2558,-0.011141475719991658
2559,-0.06338028169014093
2560,-0.1682458386683739
2561,-0.1343181037444177
2562,0.6830357142857143
2565,-0.04845587285178971
2566,0.03817733990147783
2567,0.1472819216182048
2568,0.18606701940035275
2569,0.2755102040816326
2570,0.1767161410018553
2571,0.009954733773208619
2572,0.0957918050941307
2573,0.24613899613899615
2574,-0.041282175813501805
2575,0.24867724867724866
2577,-0.014084507042253476
2579,0.19318181818181807
2580,0.15163717982571948
2581,0.0038265306122448025
2582,0.12026239067055391
2583,-0.07042253521126755
2585,0.05816326530612239
2586,0.1992481203007518
2587,0.040540540540540536
2589,0.2899999999999999
2590,0.05816326530612239
2593,0.3660714285714285
2594,0.19072948328267478
2596,0.011071428571428458
2597,0.15476190476190474
2598,0.08791909620991263
2599,-0.03728251864125941
2600,0.10454974068835453
2602,-0.8028169014084506
2605,0.05470721857647645
2606,0.059602649006622516
2607,0.15476190476190468
2609,-0.19334186939820747
2610,0.18202764976958516
2611,0.07576769025367154
2612,0.24416208791208796
2613,-0.04294057025077286
2614,-0.05958829902491877
2615,-0.03918053777208708
2616,0.11825053995680346
2617,0.003951788184153369
2618,0.10504201680672275
2620,-0.10371318822023057
2621,0.1710164835164835
2622,-0.052874624797968034
2623,0.15476190476190474
2624,-0.02088392423506567
2625,-0.15492957746478872
2626,0.12225274725274732
2627,0.8049450549450549
2628,0.024725274725274707
2629,0.024725274725274683
2630,-0.1505958829902492
2631,-0.7370892018779343
2632,0.04910714285714288
2633,0.02472527472527465
2634,-0.12967459932005834
2635,0.11801242236024848
2636,-0.11267605633802819
2637,-0.3098591549295775
2638,-0.44788732394366193
2639,0.0913690476190476
2640,0.03046218487394953
2641,0.02887537993920955
2642,-0.050892018779342796
2643,-0.058350100603621766
2644,-0.01408450704225366
2645,-0.10949568378010001
2646,-0.4896437448218725
2647,-0.18806959403479714
2648,0.030716723549488054
2649,-0.3262910798122066
2650,-0.5267605633802817
2651,-0.2394366197183099
2652,0.30267857142857146
2653,-0.2901408450704225
2654,-0.3158953722334005
2655,0.030462184873949662
2656,-0.035993740219092366
2657,-0.028485519860737475
2658,0.4365079365079365
2659,0.46616541353383456
2660,-0.21126760563380287
2661,-0.19854611540208994
2662,-0.035726554448643005
2663,-0.16487158243579128
2664,-0.04317709535903945
2665,-0.31744312026002164
2666,-0.014084507042253476
2667,-0.30516431924882625
2668,0.003826530612244898
2669,0.012059369202226465
2670,0.1952523524379811
2671,0.09596273291925463
2672,-0.01760563380281697
2673,0.5773809523809523
2674,0.3962585034013605
2675,-0.6056338028169014
2676,0.004300673148840613
2677,0.022375215146299525
2678,0.1992481203007518
2679,0.3660714285714286
2681,-0.26384976525821596
2682,-0.19766877124817886
2683,0.04606525911708253
2686,0.032582938388625686
2687,-0.05352112676056341
2688,0.07974077204846439
2689,-0.2394366197183099
2690,-0.07981220657277006
2691,0.5525210084033613
2692,-0.014084507042253565
2693,0.17476754015215554
2694,0.09531977456505765
2695,0.4365079365079365
2696,0.16861826697892268
2697,-0.2112676056338028
2699,0.02729178716020825
2700,0.007401315789473618
2701,0.1168588511637838
2702,-0.08533554266777127
2704,0.0702380952380952
2705,-0.47417840375586856
2706,0.06223584108199494
2707,-0.09213615023474184
2708,0.6981292517006803
2709,0.21206618240516542
2710,0.07741376594739335
2711,-0.24711907810499364
2712,0.0066273932253313695
2713,0.08090614886731386
2714,-0.021971830985915593
2715,0.4365079365079365
2716,0.04370092951899651
2717,0.0560479666319082
2718,0.15181682429069193
2719,-0.003860198226395426
2720,0.058429621848739496
2721,0.0023419203747072834
2722,0.20306122448979597
2723,0.0694253663003662
2724,0.15822599531615933
2725,0.1306122448979591
2726,-0.34808853118712274
2727,-0.34272300469483563
2728,0.002341920374707382
2729,0.13785714285714287
2730,-0.13685888918416156
2731,0.2655172413793104
2732,0.2723602484472049
2733,-0.23446561723280868
2734,-0.03307250912884729
2735,-0.08266993263931424
2736,-0.22683469236471468
2737,0.46616541353383456
2738,0.08189655172413797
2739,-0.15611149413966313
2740,-0.05352112676056347
2741,0.3132440476190476
2743,0.15476190476190474
2744,0.3238095238095238
2745,-0.2112676056338029
2746,-0.1095843352799725
2747,-0.031314098181320874
2748,0.06178571428571423
2749,0.2914915966386555
2750,0.1064625850340136
2751,-0.23317683881064166
2752,0.06084656084656079
2753,0.01045296167247379
2754,0.4928571428571429
2755,0.26041666666666663
2756,0.2899999999999999
2757,0.04263848396501462
2758,-0.37558685446009393
2759,0.029742765273312023
2760,-0.014084507042253476
2761,-0.0653521126760564
2762,-0.046171325589139875
2763,0.07098046244846742
2764,0.03817733990147774
2765,-0.014084507042253476
2766,-0.3098591549295775
2767,-0.298904538341158
2768,-0.539906103286385
2769,0.281547619047619
2770,0.054226977134466114
2771,0.01045296167247385
2772,-0.008450704225352114
2773,0.8049450549450549
2774,0.016763848396501472
2775,-0.014084507042253476
2776,0.538961038961039
2777,-0.4084507042253521
2778,0.33850931677018636
2779,0.022375215146299466
2780,0.011501210653753015
2781,-0.2650448143405891
2782,0.10126582278481
2783,-0.07981220657277001
2784,-0.15211267605633805
2785,0.1992481203007518
2786,-0.04225352112676056
2787,-0.00551132884262087
2788,-0.1677513355998057
2789,0.07792207792207784
2790,0.0984126984126984
2791,-0.007672048551471339
2792,0.05066854327938063
2793,0.0897435897435898
2794,0.05816326530612239
2795,-0.04960195958358849
2796,0.07792207792207785
2797,-0.0519004437584411
2798,0.18270365997638716
2799,-0.09295774647887318
2800,0.04910714285714288
2801,-0.01408450704225355
2802,-0.01181803464464959
2803,0.01219162363740674
2804,0.005038987788730272
2805,0.24296066252587994
2806,0.1939451277199622
2807,0.23928571428571424
2808,0.06530239833159528
2809,-0.677336747759283
2810,0.47794117647058826
2812,-0.32725766362883185
2813,-0.354673495518566
2814,-0.6056338028169014
2815,-0.09103400893163859
2816,-0.09733959311424112
2817,0.16375379939209722
2818,0.40653495440729476
2819,0.1653273809523809
2820,0.4102990033222591
2821,-0.2112676056338028
2822,0.02575187969924818
2823,0.15476190476190474
2824,0.3084415584415584
2825,0.15476190476190474
2826,-0.01867016049787101
2827,0.08461766449318317
2828,-0.20140845070422542
2829,0.133089133089133
2830,0.04910714285714288
2831,-0.34272300469483563
2833,0.4928571428571429
2834,0.024725274725274683
2835,0.3084415584415584
2836,-0.026670662271501302
2837,-0.014084507042253539
2839,-0.4084507042253521
2840,0.07491856677524418
2841,-0.03226450904005595
2842,0.10023041474654369
2843,-0.38654147104851333
2844,0.027976190476190505
2846,-0.11074288870477769
2847,0.3173076923076923
2848,-0.1505958829902492
2849,-0.3188220230473752
2850,-0.014084507042253476
2851,-0.04947634525099325
2852,-0.08249496981891352
2853,0.1547619047619047
2854,0.04910714285714288
2855,-0.07981220657277001
2856,0.409491193737769
2857,-0.049476345250993245
2858,0.00610711384472543
2859,0.02699335548172758
2860,0.00776397515527958
2861,-0.012132199135406531
2862,0.2650103519668736
2863,0.1394337527757217
2864,-0.014084507042253476
2865,-0.26760563380281693
2866,0.031498015873015824
2867,-0.1629778672032193
2868,0.20758928571428575
2869,-0.2112676056338028
2870,0.06484295845997974
2871,-0.03826733988838697
2872,-0.06606914212548017
2873,0.2542016806722689
2874,-0.07323943661971845
2875,-0.07527926177756196
2876,0.01843317972350225
2877,-0.1706710853355428
2878,0.08714285714285712
2879,0.12704918032786888
2880,0.024725274725274683
2881,0.014386673397273984
2882,0.056478405315614655
2883,0.041222459132906855
2884,-0.35915492957746475
2885,-0.12824314306894
2886,-0.09295774647887327
2888,0.06732348111658455
2889,0.08666215301286392
2890,-0.029458104559560758
2891,0.00859291084854992
2892,-0.6056338028169014
2893,-0.35915492957746475
2894,-0.24711907810499364
2895,-0.6056338028169014
2896,0.44875776397515527
2897,0.15476190476190468
2898,-0.1373239436619719
2899,0.04537815126050413
2900,0.18940281030444964
2901,0.034518828451882845
2902,-0.01827989211866946
2903,0.035714285714285754
2904,0.2197802197802198
2905,0.036428571428571345
2906,-0.005752826820075398
2907,0.11731464737793841
2908,-0.06942047542170017
2911,-0.014084507042253476
2912,-0.1227364185110664
2913,0.2197802197802198
2914,0.7464285714285714
2915,-0.05729195892486392
2916,0.05716740304369163
2917,0.0025722200237435536
2918,-0.011267605633802818
2919,-0.008755234107346844
2920,0.062133072407044916
2921,-0.06442912795924478
2922,0.12170790103750995
2923,0.45663265306122447
2924,-0.04947634525099325
2925,0.3238095238095238
2926,0.06373626373626373
2927,0.09686888454011737
2928,-0.07409675443968154
2929,-0.10968843363209571
2930,-0.4084507042253521
2931,-0.4084507042253521
2932,0.13555194805194806
2933,0.6830357142857143
2934,0.3660714285714286
2935,0.22329472329472322
2936,0.37098560354374305
2937,0.15476190476190477
2938,-0.21126760563380284
2939,0.0657894736842104
2940,-0.11566367904396072
2941,0.020862800565770848
2942,0.058712121212121174
2943,0.06807081807081805
2944,-0.014084507042253632
2945,0.3084415584415584
2946,0.18165584415584424
2947,0.036428571428571394
2948,0.044579081632652985
2949,0.005387931034482845
2950,0.1218732629238465
2951,0.024725274725274794
2952,-0.06069142125480155
2953,0.18424695459579182
2955,-0.6056338028169014
2956,0.06449375866851587
2959,-0.0573910754245097
2961,-0.01408450704225366
2962,-0.4084507042253521
2963,-0.2769953051643193
2964,0.7694805194805194
2965,0.1547619047619048
2966,0.0038265306122450093
2967,-0.003129890453834147
2968,-0.13786821877638075
2969,0.3747553816046966
2970,0.34981684981684974
2971,0.17244471010161377
2972,-0.2798530312308634
2973,0.01942166594734563
2974,-0.24556031843233314
2975,-0.10687655343827673
2976,0.09923531456378172
2977,0.3660714285714286
2978,0.006274131274131235
2979,-0.17840375586854465
2981,0.36607142857142855
2982,0.5245535714285714
2983,0.1125
2984,-0.21126760563380284
2985,0.009262255298495404
2986,0.024177367576243947
2987,-0.0013005340490881915
2988,-0.14167357083678545
2989,0.03362028850628181
2990,0.04910714285714279
2991,0.004125412541254192
2992,-0.28297055057618437
2993,-0.03262308896111717
2994,-0.8309859154929577
2995,-0.10130010834236185
2996,0.09438775510204091
2997,-0.029018002917038512
2998,0.23928571428571432
2999,0.15476190476190474
3000,-0.0200597524541187
3001,-0.2112676056338028
3002,0.24867724867724866
3003,0.6377551020408163
3004,-0.12026002166847242
3005,0.007763975155279385
3006,-0.03786923877897739
3007,-0.1434196577313342
3008,-0.27699530516431925
3010,-0.01408450704225366
3011,0.1623086734693877
3012,-0.07981220657277001
3013,-0.17370892018779346
3014,0.17760617760617764
3015,-0.07369800196528004
3016,-0.08177422745427797
3017,0.09915413533834577
3018,-0.09032863849765266
3019,-0.01574150787075387
3020,0.11999632757987512
3021,-0.10371318822023057
3022,-0.21698305776689134
3024,0.07596852300242124
3025,0.3084415584415584
3026,0.15476190476190474
3027,0.5773809523809523
3028,0.21057951482479775
3029,0.01903023983315946
3030,-0.004386977603324765
3031,0.08974358974358967
3032,0.17476754015215554
3033,0.012364760432766554
3034,0.028657834101382444
3035,-0.04454368487346849
3036,0.21831364124597208
3037,0.00957983193277317
3038,0.06084656084656076
3039,-0.02875101850774068
3040,0.092826354679803
3041,0.10780423280423278
3042,0.42587601078167114
3043,0.2638248847926267
3044,-0.025821596244131502
3045,0.21111111111111105
3046,0.16796875000000003
3047,0.2755102040816326
3048,0.073489010989011
3049,0.06084656084656076
3050,-0.34272300469483563
3051,0.016317733990147753
3052,-0.06321203672547228
3053,-0.19366197183098594
3054,-0.17541613316261204
3055,0.3852813852813853
3058,0.15476190476190474
3060,-0.1511100501312963
3061,-0.02157247281155289
3062,-0.03341618337475828
3063,0.011071428571428458
3064,0.29863221884498475
3066,0.02193877551020398
3067,0.021653543307086538
3068,-0.09810165339865291
3069,0.21513605442176872
3070,0.012284412626098211
3071,-0.0077237619263970745
3072,0.007294832826747623
3073,0.6502463054187192
3074,0.14457831325301204
3075,0.2956349206349207
3076,-0.03599374021909236
3077,0.1547619047619047
3078,-0.12089201877934269
3079,-0.2030516431924883
3081,0.02978506577728367
3082,0.13635858698067096
3083,-0.091963545981773
3084,-0.6056338028169014
3086,0.05447941888619846
3087,0.05585106382978724
3088,-0.06989104437948443
3089,0.20344053851907257
3090,0.08324175824175821
3091,0.22519841269841265
3092,0.5525210084033613
3093,0.1329493087557603
3094,0.013888888888888819
3095,-0.08818516192697594
3096,0.11801242236024843
3097,-0.024110766292671275
3098,-0.060337332637802034
3099,0.2235133287764866
3100,0.009486607142857054
3101,-0.026888604353393186
3102,-0.1607078367641748
3103,-0.2769953051643193
3104,-0.0883482714468631
3105,-0.12941801753919746
3106,0.5170068027210885
3107,0.08189655172413778
3108,-0.05522342689228892
3109,-0.19248826291079807
3110,-0.09295774647887327
3111,-0.10812567713976168
3112,0.24867724867724866
3113,-0.06249472885215489
3114,-0.08119304059652017
3115,-0.0387323943661972
3116,-0.6713615023474179
3117,0.04312668463611847
3118,0.3173076923076923
3119,-0.8028169014084506
3120,0.0288753799392097
3121,-0.3802816901408452
3122,0.03401360544217685
3124,-0.05352112676056347
3125,-0.1222171740118128
3127,-0.34272300469483574
3128,-0.2112676056338028
3129,-0.0581607290803646
3130,-0.20115565185987733
3132,-0.03201024327784896
3133,0.10023041474654369
3134,-0.046948356807511714
3135,-0.11267605633802812
3137,0.15476190476190474
3138,-0.09295774647887327
3139,-0.05352112676056347
3140,0.2755102040816326
3141,0.3914285714285714
3142,0.0288753799392097
3143,0.5471938775510203
3144,-0.014084507042253662
3145,-0.16375360597318855
3146,-0.08829320006057854
3147,-0.02138758476786646
3148,-0.07175126229072554
3149,0.2755102040816326
3150,0.15476190476190482
3152,0.08324175824175821
3153,-0.238156209987196
3154,0.15476190476190474
3155,0.017410714285714304
3156,-0.045774647887324084
3157,0.0474300831443689
3158,-0.1549295774647888
3159,0.1372569737954353
3160,0.025453091684434916
3161,-0.32394366197183105
3162,0.40336134453781514
3163,-0.11896913395265207
3165,-0.05790297339593106
3166,-0.2112676056338028
3167,0.22131608548931375
3168,-0.011226780975709482
3169,-0.29794149512459367
3171,0.5170068027210885
3173,0.04639804639804635
3174,-0.0211548173503171
3175,0.07737625436915083
3176,-0.00940205879073912
3177,-0.12026002166847233
3178,0.22628205128205134
3179,0.09875215146299496
3180,0.12225274725274732
3181,-0.08249496981891352
3182,0.3203240058910162
3183,-0.02925243770314188
3184,-0.4084507042253521
3185,0.09129692832764512
3186,0.04404381560931083
3187,-0.2112676056338028
3188,0.4928571428571429
3189,0.184550031466331
3190,-0.014084507042253534
3192,0.15476190476190474
3194,0.25420168067226884
3196,-0.007042253521126831
3197,-0.019561815336463256
3198,-0.030866047347917286
3199,0.09097035040431259
3200,0.07426303854875287
3201,0.07088331515812434
3203,-0.04264205925206415
3204,-0.09677419354838701
3205,-0.8685446009389671
3206,0.19660537482319662
3207,0.3660714285714286
3208,0.12026239067055391
3210,0.019841269841269864
3211,0.12026239067055391
3213,0.013045337895637204
3214,-0.028169014084507112
3215,0.04910714285714288
3217,0.19151138716356103
3218,-0.13239436619718323
3219,-0.03835319609967495
3221,0.4717261904761904
3222,0.07792207792207785
3223,-0.2507042253521128
3224,-0.03201024327784896
3225,-0.09402360106585465
3230,0.125615763546798
3232,0.3660714285714286
3233,-0.6056338028169014
3235,0.13881401617250672
3238,0.06373626373626376
3239,0.30049261083743845
3240,0.18857142857142853
3241,0.3238095238095238
3242,-0.2112676056338028
3243,0.21890943877551008
3244,-0.014084507042253534
3245,-0.4084507042253521
3246,-0.006781429316640717
3247,0.17828741834706055
3248,0.18790849673202611
3249,0.016763848396501413
3250,-0.12824314306894002
3251,0.0010822510822510172
3252,-0.017804942864735666
3253,-0.009757605192282307
3254,0.14693562610229274
3255,0.012642225031605461
3256,-0.00217411853672366
3257,0.03933291378225292
3258,0.055523423944476645
3259,-0.10225581129050731
3260,-0.07981220657276993
3261,-0.04090140845070428
3262,-0.06338028169014086
3263,0.055629041740152776
3264,0.0362918752406624
3265,0.08080357142857139
3266,-0.2901408450704226
3267,-0.004009458209108815
3268,0.19826680672268912
3269,0.05002058460271719
3270,0.03817733990147785
3271,0.18202764976958516
3272,0.2998400852878465
3273,0.01862980769230779
3274,0.05407523510971787
3275,0.10504201680672275
3276,0.20306122448979583
3281,0.2659774436090225
3282,0.3660714285714286
3283,0.6098901098901099
3284,0.3660714285714286
3285,0.030462184873949468
3286,0.2446808510638297
3287,0.09248120300751878
3288,0.15476190476190474
3289,0.5282392026578073
3294,-0.6056338028169014
3296,0.10404761904761904
3298,0.08058396568789168
3299,0.30175983436853
3300,0.05632911392405068
3301,0.08209437621202315
3302,-0.0009389671361502442
3303,0.4928571428571429
3304,-0.2320237212750185
3306,0.15476190476190474
3307,-0.10673680638045142
3308,0.0025389302640488084
3309,0.3327067669172931
3310,-0.23004694835680756
3311,0.04910714285714288
3313,-0.07981220657277001
3314,0.15476190476190474
3316,0.11131508678237652
3317,-0.05460158209531153
3318,0.15476190476190474
3319,0.44875776397515527
3320,0.5328947368421052
3322,0.15476190476190474
3324,-0.006781429316640542
3325,-0.10663983903420526
3326,0.0779220779220779
3327,-0.10546204053589829
3328,-0.0483772198407838
3329,-0.21126760563380279
3330,0.06916817359855319
3331,-0.5316901408450705
3333,0.830952380952381
3334,-0.02005975245411876
3335,-0.2112676056338028
3338,-0.4263764404609475
3339,0.01843317972350225
3340,-0.3943661971830986
3341,-0.14788732394366208
3342,-0.02640845070422543
3343,0.3660714285714286
3344,-0.26760563380281693
3345,-0.2605633802816901
3346,-0.4084507042253521
3347,-0.023782036481182073
3349,-0.16197183098591544
3350,0.015256588072121914
3351,0.07792207792207785
3354,0.16750418760469007
3355,0.05348913759052016
3357,0.35060975609756095
3358,-0.11982037150438868
3359,-0.020701389545325712
3360,0.04836829836829842
3361,-0.04190030464921192
3362,0.0005213764337850885
3363,-0.0527080005808044
3364,-0.09981628903857928
3365,-0.07080841211653477
3366,0.2255453905700211
3367,0.01843317972350225
3368,0.3407142857142857
3370,-0.08992416034669555
3371,0.3327067669172931
3372,0.1547619047619047
3373,-0.8028169014084506
3374,0.07792207792207785
3375,-0.17370892018779346
3378,0.15476190476190474
3379,0.0943877551020407
3384,0.018844221105527637
3385,0.1627358490566038
3386,-0.0867309117865086
3387,0.3101365546218488
3388,0.09686888454011736
3389,0.3238095238095238
3390,-0.2112676056338029
3391,0.007763975155279472
3392,-0.0483772198407838
3393,0.13251879699248115
3394,0.3278829604130809
3395,-0.11847555923777975
3396,-0.10748702742772431
3397,-0.11088348271446871
3398,0.006413994169096152
3399,-0.1236306729264476
3400,0.33850931677018636
3401,-0.2216456634544107
3402,0.10504201680672275
3403,0.2899999999999999
3404,-0.06565547128927408
3405,-0.009275163174166974
3406,-0.014084507042253466
3408,0.06953519453519444
3409,-0.053521126760563455
3410,0.2755102040816326
3412,-0.24413145539906103
3413,-0.6056338028169014
3414,0.013888888888888819
3415,-0.48732394366197185
3416,0.5965909090909091
3417,-0.023474178403755822
3418,-0.045519493774239625
3419,-0.11267605633802819
3420,-0.041282175813501805
3421,-0.04704145553205922
3422,-0.06497046796910494
3423,-0.17840375586854465
3424,-0.07981220657277006
3425,-0.09624413145539903
3426,0.17041446208112873
3427,0.06084656084656076
3428,0.056478405315614655
3429,0.008883248730964365
3430,0.1547619047619047
3431,0.059331797235023034
3432,0.09097035040431259
3433,-0.3427230046948357
3434,-0.03201024327784896
3435,0.07735148514851489
3436,-0.19248826291079807
3437,-0.44788732394366204
3438,0.09023991275899677
3439,0.1321619556913675
3440,-0.021387584767866452
3441,-0.01698425849212933
3442,0.0038265306122448025
3443,0.3660714285714286
3444,0.12402597402597394
3445,0.04596888260254598
3446,0.4453125
3447,0.1547619047619048
3448,0.0450745183569611
3449,0.3173076923076923
3450,0.09954534577650155
3451,-0.0922136593143768
3452,0.10991253644314863
3453,0.00948660714285712
3454,0.12834821428571427
3456,0.1720116618075802
3457,-0.10121192269898459
3459,-0.33129210042865886
3461,0.011670416197975163
3462,-0.0725893824485373
3463,0.3660714285714286
3464,0.5525210084033613
3465,0.2755102040816326
3466,0.021021699819168148
3467,0.2755102040816327
3468,0.013888888888888888
3469,0.1714992927864215
3470,-0.05059989567031827
3471,-0.016460207025284224
3472,-0.6056338028169014
3473,0.15476190476190474
3474,-0.13239436619718323
3475,0.33018867924528295
3476,0.012127976190476203
3477,0.1998959778085991
3478,-0.17458237798886345
3479,-0.06674831598285359
3480,-0.005121638924455877
3481,-0.030475041685883577
3482,-0.2112676056338028
3483,0.01505312868949229
3484,-0.16654566574705967
3486,-0.7370892018779343
3487,0.016763848396501472
3488,-0.43035993740219086
3489,0.04850340136054417
3490,0.45663265306122447
3491,0.18857142857142853
3492,-0.47417840375586856
3493,-0.6056338028169014
3494,0.09745762711864403
3495,-0.2112676056338028
3496,-0.025683512841756503
3497,0.24613899613899615
3498,0.05647840531561449
3499,-0.04834411876665395
3500,0.18630063965884863
3501,0.055575801749271195
3502,-0.1090245174752217
3503,-0.11267605633802821
3504,-0.02603499786598383
3505,-0.18040416411512564
3506,0.3031624863685933
3507,-0.03676928829614865
3508,0.09506107275624
3509,0.001082251082251093
3510,0.07178512003803186
3511,-0.4968431277319087
3512,-0.03798548868971415
3513,-0.12998602300827877
3514,0.3914285714285714
3515,0.05816326530612239
3516,-0.03798548868971415
3518,0.11249999999999999
3519,0.17166666666666663
3520,-0.13239436619718323
3521,-0.05352112676056343
3523,-0.6056338028169014
3524,-0.020528399153088458
3525,0.011169332597903993
3526,-0.07818930041152253
3527,0.018258212375859312
3528,-0.018371096142069738
3529,-0.26238914971309335
3531,-0.06338028169014093
3532,0.5773809523809523
3533,0.5773809523809523
3534,-0.08413639733135654
3535,0.07042144406569573
3536,-0.09135896459840118
3537,-0.05352112676056347
3538,0.2542016806722689
3539,-0.21126760563380276
3540,0.1547619047619047
3543,0.14667350193665982
3544,-0.07527926177756196
3545,-0.029489436619718326
3546,-0.18965849893883852
3547,-0.19549295774647893
3548,0.008883248730964365
3549,-0.18806959403479698
3550,0.007763975155279385
3551,-0.18093174431202602
3552,-0.07159624413145538
3553,-0.046948356807511714
3554,0.02699335548172758
3555,0.08896492728828058
3556,0.1547619047619048
3557,-0.008109261630388382
3559,0.07792207792207785
3562,-0.539906103286385
3563,-0.36901408450704226
3564,-0.030072325846973794
3565,-0.011588518452487153
3566,-0.047317613546447326
3567,0.3660714285714285
3568,0.23928571428571432
3569,0.40833333333333327
3570,-0.07981220657277001
3571,0.18117559523809526
3572,0.3348946135831382
3573,0.0657894736842104
3574,-0.05352112676056347
3576,-0.10700987534401821
3577,-0.14899925871015576
3578,0.02837116154873164
3579,0.2197802197802198
3580,0.03401360544217685
3581,-0.47417840375586856
3584,0.3599167822468793
3585,0.0943877551020407
3586,0.44875776397515527
3587,0.22826086956521738
3588,-0.2112676056338028
3590,0.059331797235023034
3591,-0.03358613217768139
3593,-0.05898758889973507
3594,-0.11267605633802823
3596,-0.21126760563380284
3597,0.40833333333333327
3598,-0.03683640303358616
3599,0.006274131274131235
3600,-0.23050498110614903
3601,-0.6056338028169014
3602,-0.37731653076352856
3603,-0.2112676056338028
3604,0.05979133226324238
3605,-0.1373239436619719
3606,-0.11267605633802816
3608,-0.0833650551960412
3609,-0.6056338028169014
3610,-0.05352112676056347
3611,-0.21126760563380284
3612,-0.21126760563380284
3613,-0.07042253521126766
3614,-0.07494348808902791
3615,0.09153543307086615
3616,-0.12872584343268914
3617,0.04076597744360887
3618,-0.021525378687217694
3619,-0.14327343370568246
3620,0.4433797909407665
3622,-0.2901408450704225
3623,0.09980834439038772
3624,-0.0017605633802817607
3625,0.41483516483516486
3626,0.2659774436090225
3627,-0.033166742389822854
3628,-0.10949568378010001
3629,-0.07179663345929227
3631,-0.8028169014084506
3632,0.3660714285714286
3633,0.05280711506392435
3634,0.18857142857142853
3635,0.02749594155844143
3636,-0.5070422535211268
3637,0.15476190476190468
3638,0.16166180758017493
3639,-0.006558434576927255
3640,-0.2112676056338028
3641,0.6377551020408163
3642,0.23928571428571432
3643,0.07480694980694984
3644,0.6619047619047619
3645,0.6830357142857143
3646,0.024725274725274627
3648,0.2755102040816326
3649,0.13555194805194806
3651,-0.6056338028169014
3653,0.2214912280701755
3654,0.09536679536679527
3655,0.1992481203007518
3657,-0.2112676056338028
3658,-0.15749039692701675
3659,-0.24160346695557966
3660,-0.1803369235017951
3661,0.12704918032786888
3662,0.10504201680672275
3663,0.03401360544217685
3664,-0.14167357083678545
3665,0.23928571428571432
3666,-0.2112676056338028
3667,0.24867724867724866
3668,0.24113660062565168
3669,0.13881401617250672
3670,0.40336134453781514
3671,-0.06634990666892923
3672,-0.16394366197183108
3673,-0.035993740219092366
3674,-0.07042253521126766
3675,-0.006402048655569884
3676,0.1262065637065638
3677,-0.2852112676056338
3678,-0.02925243770314188
3679,0.32725947521865895
3680,0.1306122448979591
3681,0.15822599531615933
3682,0.14399454049135582
3683,0.10182042579450785
3684,-0.023656502119513173
3685,0.0012787723785165216
3686,-0.07019351883659673
3688,0.027113702623906673
3689,0.1306122448979592
3690,-0.019718309859154876
3691,0.6573359073359074
3692,0.33850931677018636
3693,0.23928571428571424
3694,0.3914285714285714
3695,0.08974358974358967
3696,-0.045218680504077076
3697,0.059244593359731874
3698,0.03652443964353217
3699,-0.04068857589984344
3700,-0.15059588299024923
3701,0.06288819875776396
3702,-0.05978090766823163
3703,0.024463806970509358
3704,-0.0449235698551499
3705,0.04451345755693583
3706,-0.003216147277364986
3707,0.02130325814536336
3708,-0.12574240624469704
3709,-0.0017605633802817077
3710,0.1608427543679343
3711,0.3173076923076923
3712,-0.061554512258737676
3713,0.059331797235023034
3714,-0.2627066748315982
3715,0.04910714285714288
3716,0.13785714285714273
3717,0.13144499178981936
3718,0.3132440476190476
3719,0.4517374517374518
3720,0.4717261904761905
3721,0.6377551020408163
3723,0.01969808541973483
3724,0.028875379939209696
3725,0.1547619047619047
3726,0.13160469667318972
3727,-0.004694835680751221
3728,-0.0678617157490397
3729,0.08216476774758996
3730,0.022935779816513763
3731,0.42040816326530606
3732,-0.227699530516432
3733,0.06262694651320241
3734,0.01045296167247379
3735,0.007142857142857151
3736,-0.21126760563380276
3737,0.36607142857142855
3738,0.2263922518159806
3739,0.03817733990147783
3740,0.09985084521047398
3741,0.17798273155416014
3742,0.23928571428571427
3743,0.049107142857142815
3744,-0.05542935029532029
3745,0.002883184523809494
3746,-0.21126760563380276
3747,0.09272608125819125
3748,-0.6056338028169014
3749,0.04910714285714288
3751,-0.012523690958415361
3752,-0.039488464529508355
3753,0.10308796007485971
3754,0.09915413533834577
3755,0.05039736383019951
3756,0.15476190476190474
3757,0.2197802197802198
3758,0.11677367576243987
3759,-0.1395646606914213
3760,0.020292207792207823
3761,-0.014084507042253476
3762,-0.2112676056338028
3763,0.029726683572837392
3764,0.14090554254488682
3765,0.38320463320463327
3766,0.0762755102040816
3767,-0.11267605633802819
3768,0.05447941888619846
3769,0.25826044703595724
3770,0.12108708025042679
3771,0.022935779816513718
3772,-0.2112676056338028
3773,0.22573609596510355
3774,0.2899999999999999
3775,-0.26760563380281693
3776,-0.04225352112676056
3777,-0.5267605633802818
3780,-0.1505958829902492
3781,0.19318181818181807
3782,0.04910714285714288
3783,0.18800160513643657
3784,0.2670200892857143
3785,-0.036239911378382714
3786,0.17908530318602262
3787,0.4635989010989011
3788,0.21770516717325217
3789,0.21158463385354145
3790,0.040540540540540536
3791,0.14175824175824167
3792,0.3327067669172933
3793,0.010908135103167219
3794,0.2006987577639751
3795,-0.09295774647887327
3796,-0.11267605633802819
3797,0.03401360544217685
3798,0.04156037414965986
3799,-0.07981220657276997
3801,0.05566502463054191
3802,0.15476190476190474
3803,-0.21126760563380284
3804,0.42040816326530606
3805,0.45663265306122447
3806,0.03401360544217685
3807,0.13336347197106682
3808,0.1547619047619047
3809,0.12834821428571425
3810,-0.13542795232936078
3811,0.21623376623376628
3812,0.1587116154873165
3813,0.14112903225806447
3814,0.08651286601597145
3816,0.0943877551020407
3817,0.6377551020408163
3818,-0.47417840375586856
3819,-0.05790297339593106
3820,-0.17840375586854465
3821,0.04206349206349198
3822,0.3084415584415585
3823,0.18857142857142853
3824,0.0038265306122448467
3825,-0.094897252366659
3826,0.006627393225331281
3827,0.11178369652945926
3830,0.36607142857142855
3831,0.09306569343065683
3832,0.20758928571428567
3833,0.1547619047619047
3834,0.021653543307086538
3835,0.28854059609455296
3836,0.2109140859140858
3837,0.1673773987206823
3838,0.10023041474654369
3839,-0.07042253521126766
3840,0.27134646962233167
3841,0.2755102040816326
3843,-0.3188220230473752
3844,0.30267857142857146
3845,-0.2901408450704226
3846,0.20306122448979588
3847,0.013888888888888819
3848,-0.5179968701095462
3849,0.32878151260504207
3850,-0.11267605633802819
3851,0.2638248847926267
3852,0.1329493087557603
3853,0.538961038961039
3854,0.3660714285714286
3855,-0.11267605633802819
3857,0.22826086956521738
3858,0.036428571428571345
3859,0.12704918032786888
3860,0.15476190476190474
3861,-0.09241751881149912
3862,-0.4084507042253521
3863,0.00823014195107225
3864,0.23928571428571427
3865,0.1470779220779221
3866,0.4928571428571429
3867,-0.44788732394366204
3868,0.16126373626373622
3869,0.3023034657650043
3870,0.08432539682539683
3871,0.15845290081097943
3872,-0.0072850898494416505
3873,0.12225274725274732
3874,0.3327067669172931
3875,-0.4084507042253521
3877,0.14233193277310932
3878,-0.2112676056338028
3879,-0.07369800196528004
3880,0.024725274725274683
3882,-0.11267605633802814
3883,0.36607142857142855
3884,0.4621212121212121
3885,-0.25508607198748035
3886,-0.4084507042253521
3887,0.15476190476190474
3889,0.006627393225331281
3891,-0.47417840375586856
3892,0.3660714285714286
3893,0.07848432055749133
3894,-0.35915492957746475
3895,0.08126293995859207
3896,0.07088331515812434
3897,0.010539460539460655
3898,0.17962184873949583
3899,-0.8028169014084506
3900,0.3173076923076923
3901,-0.04588823262153565
3902,0.15476190476190474
3903,0.0657894736842104
3905,0.6377551020408163
3906,0.2899999999999999
3908,0.001082251082251093
3909,0.41135204081632654
3910,0.2638248847926266
3911,0.028421052631578948
3912,-0.4084507042253521
3913,-0.13239436619718323
3914,-0.1941212492345377
3915,0.14586466165413536
3916,0.10504201680672266
3917,0.015991471215351747
3918,0.12067972350230409
3919,0.14175824175824167
3920,-0.09295774647887327
3921,-0.07042253521126766
3922,-0.11267605633802819
3923,0.01952380952380942
3924,0.538961038961039
3925,0.04206349206349198
3926,0.10392051557465089
3927,0.06158605174353203
3928,0.2504492362982929
3929,0.11598951507208381
3930,0.1698554421768707
3931,0.11249999999999999
3932,-0.008109261630388382
3933,-0.34272300469483563
3934,-0.014084507042253476
3935,0.10504201680672275
3936,-0.014084507042253476
3937,0.07792207792207795
3938,-0.21126760563380279
3939,-0.25508607198748035
3940,-0.4084507042253521
3941,-0.1549295774647888
3942,-0.47417840375586856
3943,-0.08887809616318608
3944,0.2755102040816326
3945,-0.08992416034669555
3946,0.24257884972170693
3947,0.13414634146341453
3948,0.0606972518737223
3949,0.2693704600484261
3950,0.5590062111801243
3951,0.2638248847926267
3952,0.02193877551020398
